customerid,first_name,last_name,address,email,phone,creditcardtype,creditcardnumber
1,Rance,Drowsfield,40 Graedel Trail,rdrowsfield0@cpanel.net,399-896-7688,jcb,3566498897058943
2,Leticia,Darlison,42455 3rd Hill,ldarlison1@vk.com,298-542-7184,mastercard,5371856137073719
3,Lucretia,Tapin,2 Fair Oaks Trail,ltapin2@angelfire.com,995-972-6041,china-unionpay,560223159483428122
4,Peg,Trusler,1 Dixon Park,ptrusler3@geocities.jp,908-732-5921,jcb,3547563205016778
5,Gregory,Cranson,02123 Ohio Avenue,gcranson4@economist.com,407-805-2332,instapayment,6383037739458707
6,Burtie,Kerwen,4 Lakewood Center,bkerwen5@free.fr,241-272-0075,maestro,6759887616001034541
7,Verina,Abrehart,8 Sycamore Parkway,vabrehart6@zdnet.com,277-632-9342,jcb,3558131902950396
8,Delbert,McCarron,50087 Sunfield Pass,dmccarron7@skyrock.com,145-197-7262,jcb,3561443048944414
9,Shurwood,Ambrozik,147 Iowa Pass,sambrozik8@jugem.jp,555-249-1601,jcb,3581357913110933
10,Rory,Aleksashin,94 Corry Terrace,raleksashin9@lycos.com,251-343-1783,bankcard,5602216030800448
11,Borg,Argile,15 Garrison Road,bargilea@howstuffworks.com,811-139-1199,maestro,5018680883829382
12,Bamby,Le Monnier,8538 Eagan Place,blemonnierb@blogspot.com,819-566-0995,china-unionpay,5602230190577167
13,Mickey,Headan,3 Meadow Ridge Pass,mheadanc@diigo.com,952-933-2199,bankcard,5602222094316750
14,Seth,Bratten,88368 Hoard Center,sbrattend@yellowpages.com,162-682-5145,jcb,3547703934644082
15,Brady,Mulhall,38 Parkside Avenue,bmulhalle@europa.eu,563-319-5725,visa,4041594159183222
16,Vera,Frail,1 Dexter Center,vfrailf@unesco.org,649-248-6239,switch,493602061085147784
17,Daphene,Signori,26 Northport Terrace,dsignorig@yellowpages.com,611-875-8827,jcb,3576241338435967
18,Toni,Ceschi,56712 Ilene Road,tceschih@yellowbook.com,159-624-8805,switch,6333145294575296664
19,Sibilla,Agutter,51 Welch Plaza,sagutteri@ning.com,697-801-7130,diners-club-enroute,201972944325353
20,Darby,Cutsforth,73047 Fair Oaks Lane,dcutsforthj@ebay.co.uk,197-268-8742,jcb,3549706816944866
21,Thorpe,Fettes,6717 Shasta Court,tfettesk@stanford.edu,550-797-9226,jcb,3545374537175833
22,Fenelia,Readmire,9 Talisman Center,freadmirel@biglobe.ne.jp,630-218-9997,mastercard,5108757952727613
23,Rosemarie,Merrilees,752 Glacier Hill Center,rmerrileesm@yale.edu,985-940-5736,jcb,3535456386841581
24,Philip,Beneix,6460 Jana Trail,pbeneixn@delicious.com,149-629-7086,laser,67091694380961028
25,Durant,Bilbrook,4 Alpine Junction,dbilbrooko@google.nl,325-713-5753,americanexpress,375725556418985
26,Hall,Rouge,77824 Del Sol Street,hrougep@storify.com,816-977-4759,china-unionpay,560222027302916539
27,Chan,Redsull,92 Ohio Alley,credsullq@theguardian.com,264-649-2526,instapayment,6397963269248479
28,Langsdon,Luke,72 Rutledge Street,lluker@ft.com,727-946-6136,mastercard,5100146641467807
29,Kylen,Hammor,6 Coolidge Hill,khammors@cbslocal.com,906-893-4397,mastercard,5100171248015429
30,Inness,Wetton,46525 Acker Way,iwettont@telegraph.co.uk,631-544-8945,jcb,3542695173672342
31,Kassia,Crease,48 Spohn Avenue,kcreaseu@flickr.com,901-753-1901,jcb,3541278469429106
32,Tallia,Cracoe,417 Prentice Hill,tcracoev@yahoo.co.jp,881-529-6280,visa,4041375786340
33,Timmy,Casterton,44 Derek Road,tcastertonw@blogs.com,817-492-3678,jcb,3549785807158439
34,Sibeal,Abrahamoff,23270 Declaration Parkway,sabrahamoffx@jimdo.com,303-776-4285,switch,490519216194405592
35,Modestia,Worvell,7 Westend Pass,mworvelly@addtoany.com,221-567-6227,americanexpress,337941400954847
36,Evita,Duester,5767 Truax Avenue,eduesterz@ehow.com,786-978-8008,laser,6771191284504173989
37,Stanly,Keasy,3 Rutledge Drive,skeasy10@a8.net,529-813-9831,jcb,3567920844208478
38,Johnette,Endersby,7 Oxford Pass,jendersby11@tuttocitta.it,162-975-7455,laser,6771975178107497955
39,Sherlocke,Pepper,4998 Lukken Trail,spepper12@reverbnation.com,825-153-1302,jcb,3540246878956820
40,Tarah,Tansey,14 Holy Cross Crossing,ttansey13@wp.com,580-407-1934,diners-club-carte-blanche,30242877872855
41,Evvy,Moyles,4 Waubesa Avenue,emoyles14@a8.net,953-890-0197,jcb,3538451215725979
42,Giulio,Wyre,082 Knutson Hill,gwyre15@naver.com,856-316-7609,maestro,589383716010666667
43,Cynthea,Kildale,3 Village Alley,ckildale16@cbsnews.com,243-774-6462,instapayment,6394886819150122
44,Catharina,Fishby,90120 Loomis Park,cfishby17@slate.com,309-984-2658,visa-electron,4913111739822636
45,Shawn,Shepley,82258 John Wall Parkway,sshepley18@github.io,715-314-7104,china-unionpay,5602236686050660737
46,Goddart,Knowlden,616 Cody Hill,gknowlden19@symantec.com,476-763-3131,visa-electron,4917976551623163
47,Des,Folker,6951 Spaight Pass,dfolker1a@abc.net.au,921-955-6033,jcb,3577035658393981
48,Myra,Thring,531 New Castle Place,mthring1b@google.de,414-275-1758,diners-club-carte-blanche,30421685070858
49,Winni,Corn,71 Jenna Parkway,wcorn1c@so-net.ne.jp,627-347-1497,maestro,5038092779134384232
50,Lauralee,Foxall,328 4th Street,lfoxall1d@taobao.com,412-977-7865,diners-club-enroute,201530245366607
51,Willy,Lynagh,65 Corry Parkway,wlynagh1e@gravatar.com,276-224-2520,americanexpress,373036650398392
52,Tadeas,Ceschini,54 Oneill Way,tceschini1f@pinterest.com,742-180-9719,jcb,3544937262835432
53,Weidar,Hurdis,297 Oneill Avenue,whurdis1g@opensource.org,255-331-6336,jcb,3572525374779088
54,Evania,McRobb,44517 Autumn Leaf Place,emcrobb1h@latimes.com,615-976-4847,jcb,3548375964961832
55,Bernadette,Reder,7 Corscot Parkway,breder1i@addtoany.com,667-277-0212,jcb,3579219926146276
56,Harriott,Probart,1 Hauk Drive,hprobart1j@miitbeian.gov.cn,424-896-0446,visa-electron,4405574916342824
57,Florrie,Janman,29690 Warner Avenue,fjanman1k@bing.com,535-941-1198,bankcard,5602254303224350
58,Anselm,Dreossi,635 Sutteridge Trail,adreossi1l@thetimes.co.uk,263-985-3465,jcb,3562883128780049
59,Blane,Brokenshire,4 Golf Course Point,bbrokenshire1m@va.gov,118-198-5908,instapayment,6378637836160523
60,Pansie,McElroy,372 Gulseth Pass,pmcelroy1n@arstechnica.com,988-387-4866,instapayment,6399729493259303
61,Cynthy,Lippingwell,7 Ohio Court,clippingwell1o@tripadvisor.com,425-493-6299,jcb,3569019440968946
62,Anetta,Lipp,61 American Ash Junction,alipp1p@walmart.com,639-669-1783,mastercard,5002352321354955
63,Fredra,Inch,532 Harbort Trail,finch1q@webeden.co.uk,748-194-7124,switch,4903394910646100177
64,Yankee,Hickisson,47510 Express Lane,yhickisson1r@yale.edu,352-406-2154,jcb,3561671237400083
65,Shepard,Adami,4712 Hollow Ridge Crossing,sadami1s@bravesites.com,690-642-9469,china-unionpay,5610054384541619
66,Julietta,Kores,66020 Monument Place,jkores1t@gmpg.org,572-282-1016,mastercard,5002354707207500
67,Allen,Fitzpayn,7818 Boyd Terrace,afitzpayn1u@vimeo.com,711-908-7049,visa-electron,4844496786089153
68,Cristabel,Bidwell,920 Del Mar Lane,cbidwell1v@unc.edu,346-779-1021,jcb,3560590633237215
69,Brig,Lochran,6 Hagan Parkway,blochran1w@ow.ly,144-664-6458,jcb,3574730878461955
70,Aubrie,Goldhawk,694 Twin Pines Way,agoldhawk1x@icq.com,833-726-2213,jcb,3547201899488660
71,Nissie,Unitt,93 Riverside Circle,nunitt1y@nsw.gov.au,558-668-6423,jcb,3542677490129826
72,Arri,Lintot,328 Lake View Circle,alintot1z@simplemachines.org,165-494-5672,china-unionpay,560221642642413624
73,Gerhardt,Tissier,13662 Dovetail Way,gtissier20@eepurl.com,476-389-6354,instapayment,6376229664023213
74,Allys,Cicchinelli,042 Mandrake Drive,acicchinelli21@google.es,609-840-6858,bankcard,5602228362693952
75,Frants,Zylberdik,792 Ryan Trail,fzylberdik22@comcast.net,827-160-0269,jcb,3569128226980858
76,Rivalee,Armes,722 Lerdahl Parkway,rarmes23@cdbaby.com,227-591-5429,maestro,502006671850452092
77,Paxton,Redborn,3 Birchwood Alley,predborn24@networksolutions.com,971-351-7537,laser,6709426533676247055
78,Edan,Lishman,0315 Anniversary Crossing,elishman25@hexun.com,266-177-6815,jcb,3577379598186588
79,Timmie,Whimpenny,314 Granby Drive,twhimpenny26@ebay.co.uk,175-568-7149,maestro,50205077640253882
80,Aundrea,Passman,662 Claremont Point,apassman27@eventbrite.com,699-231-4891,visa-electron,4026758203650028
81,Wally,Dionisi,892 Saint Paul Terrace,wdionisi28@jiathis.com,960-358-6259,americanexpress,374622869777648
82,Margot,Beccera,058 Muir Center,mbeccera29@blogspot.com,159-137-5119,jcb,3589374612594830
83,Hakeem,Simner,1 Hazelcrest Lane,hsimner2a@deviantart.com,309-547-9503,americanexpress,374283314784869
84,Esma,Olerenshaw,07916 6th Park,eolerenshaw2b@redcross.org,831-749-2649,laser,6706182160128558101
85,Arlena,Van den Oord,47656 Manufacturers Drive,avandenoord2c@wordpress.com,783-353-0734,americanexpress,373917322767686
86,Eolande,Burridge,12106 Leroy Place,eburridge2d@indiegogo.com,605-676-7342,jcb,3547709236344149
87,Town,Cossentine,34 Mendota Center,tcossentine2e@house.gov,317-219-7976,jcb,3584385905245208
88,Micheal,Bloy,2 Bobwhite Junction,mbloy2f@youku.com,741-479-6062,jcb,3589930420601909
89,Bobbie,Morsley,95036 Brentwood Crossing,bmorsley2g@networkadvertising.org,848-441-9530,mastercard,5515911651919305
90,Patrica,Neale,09 Dorton Circle,pneale2h@icio.us,410-815-9956,jcb,3536914119199999
91,Constancy,Reichert,40 American Ash Alley,creichert2i@gravatar.com,185-734-2301,jcb,3587332142334129
92,Thomasina,Mucklow,3 Shelley Center,tmucklow2j@psu.edu,648-357-5763,visa,4041371036724
93,Raul,Demaid,52 Clarendon Way,rdemaid2k@unesco.org,301-564-9275,laser,6709396657582764485
94,Fredric,Peel,3474 Moulton Circle,fpeel2l@dailymotion.com,558-161-0319,diners-club-carte-blanche,30263617565039
95,Noreen,Linton,0830 5th Drive,nlinton2m@engadget.com,230-658-1098,bankcard,5610266066530815
96,Alicea,Philot,6 Holmberg Lane,aphilot2n@reuters.com,377-585-5754,bankcard,5610534276534061
97,Truman,Colvie,0878 Browning Parkway,tcolvie2o@tumblr.com,149-152-6910,maestro,5020906367011957
98,Koenraad,Crisell,556 Menomonie Terrace,kcrisell2p@w3.org,619-628-6736,jcb,3543480949701314
99,Morena,Colmer,1045 Hoard Point,mcolmer2q@noaa.gov,677-707-2012,jcb,3542972822798889
100,Robinet,Friedlos,716 Lyons Circle,rfriedlos2r@opensource.org,128-438-1402,visa,4017953450631174
101,Mellicent,Monkman,23 Superior Avenue,mmonkman2s@myspace.com,708-901-4093,jcb,3573195424537230
102,Anny,Meade,304 Mcbride Way,ameade2t@google.com.hk,640-312-5220,bankcard,5602210404928646
103,Garold,Ingleby,6105 Bobwhite Road,gingleby2u@alexa.com,645-439-4613,jcb,3545006586154414
104,Raeann,Warmington,8692 Old Shore Hill,rwarmington2v@omniture.com,285-555-3000,jcb,3575194785995762
105,Caspar,Algate,6 Forest Run Junction,calgate2w@earthlink.net,711-679-2954,mastercard,5108960447889457
106,Dana,Shelborne,16876 Weeping Birch Street,dshelborne2x@jugem.jp,578-690-3512,maestro,67613585876665462
107,Ezmeralda,Yurlov,7 Arizona Parkway,eyurlov2y@admin.ch,945-882-9777,mastercard,5048378190419633
108,Suzy,Dabney,31666 Lake View Court,sdabney2z@miitbeian.gov.cn,961-366-6342,jcb,3536812513403712
109,Rita,Druery,45 Swallow Junction,rdruery30@nyu.edu,646-786-5270,jcb,3560288684312629
110,Adele,Amdohr,714 Brown Pass,aamdohr31@ow.ly,716-662-2492,maestro,6763772221773450551
111,Ulick,Larratt,2 Maywood Avenue,ularratt32@businessweek.com,434-595-9674,laser,630430741821765917
112,Nehemiah,Elby,24565 Cambridge Alley,nelby33@dot.gov,204-861-9648,diners-club-carte-blanche,30257766775282
113,Kamillah,Seager,7109 Russell Court,kseager34@youtu.be,341-314-1079,china-unionpay,5602255624262511907
114,Silas,Pritty,3025 Almo Junction,spritty35@berkeley.edu,770-257-7197,visa,4041372171272
115,Amii,Fairburne,215 Butterfield Lane,afairburne36@hugedomains.com,549-948-8282,maestro,67636015124502989
116,Nathanil,Chapman,65 Cherokee Avenue,nchapman37@patch.com,894-244-7347,diners-club-enroute,201788940312082
117,Bunny,Stainsby,516 Susan Avenue,bstainsby38@51.la,681-985-8486,maestro,67625267917527466
118,Arch,Kaubisch,35706 Riverside Drive,akaubisch39@yale.edu,768-354-9062,maestro,50383989515567275
119,Kelila,Letessier,4 Schmedeman Hill,kletessier3a@dedecms.com,245-470-3228,switch,490500084315554768
120,Sherlocke,McCrum,9109 Sloan Circle,smccrum3b@ft.com,142-288-6621,diners-club-carte-blanche,30020195784337
121,Kristien,Binder,0295 Granby Circle,kbinder3c@live.com,522-403-0075,diners-club-us-ca,5500188183085882
122,Charil,Simone,28440 Eagle Crest Parkway,csimone3d@twitter.com,951-651-1841,jcb,3534898710316403
123,Johann,Hourahan,5 Pierstorff Terrace,jhourahan3e@icq.com,547-178-8345,jcb,3578655051261599
124,Benoit,Jillions,92 Pine View Parkway,bjillions3f@tripadvisor.com,904-943-4994,jcb,3535813589848070
125,Coletta,Fido,9471 Banding Place,cfido3g@technorati.com,231-967-3117,maestro,6763465359663283518
126,Rorke,Coggings,1 Aberg Junction,rcoggings3h@apple.com,219-267-1323,jcb,3549822522004380
127,Jory,McMurthy,871 Vahlen Junction,jmcmurthy3i@smh.com.au,870-846-2661,china-unionpay,5602235776756702494
128,Brockie,Moorey,6544 Schmedeman Junction,bmoorey3j@live.com,440-103-8401,mastercard,5108754324123860
129,Bathsheba,Breitling,86 Novick Alley,bbreitling3k@globo.com,115-681-9555,instapayment,6379502507304900
130,Ethelyn,Robertot,2 Hoepker Road,erobertot3l@phpbb.com,287-260-6943,jcb,3571474899635098
131,Quinton,Koppke,76 Artisan Road,qkoppke3m@princeton.edu,614-526-9297,jcb,3589400543009075
132,Farrand,Ffrench,910 Rigney Lane,fffrench3n@purevolume.com,989-744-6527,bankcard,5602244854224305
133,Belita,Trowl,214 Havey Plaza,btrowl3o@miibeian.gov.cn,232-626-0901,mastercard,5100173842939293
134,Dean,Chasmer,030 Waxwing Street,dchasmer3p@g.co,604-167-2275,jcb,3578207934041689
135,Mercy,Vinker,9 Truax Plaza,mvinker3q@cdc.gov,492-774-1708,mastercard,5048379769386864
136,Jamey,Bagg,583 Old Gate Hill,jbagg3r@histats.com,986-761-8461,jcb,3573535433938178
137,Cammy,Lampert,965 Vahlen Hill,clampert3s@yellowpages.com,569-170-3887,jcb,3565119561415513
138,Staffard,Reary,48434 Melby Way,sreary3t@aboutads.info,453-243-9412,jcb,3573220510702082
139,Nataniel,Jiroutka,2212 Stephen Junction,njiroutka3u@webs.com,630-673-4475,jcb,3583783454115445
140,Alric,McPeck,2255 Mandrake Avenue,amcpeck3v@omniture.com,307-380-8532,bankcard,5602211892783220
141,Niels,Dutt,49680 Forster Place,ndutt3w@hostgator.com,380-458-6425,mastercard,5002351019644859
142,Quintana,Gundry,06 Muir Park,qgundry3x@gravatar.com,601-245-1409,maestro,5020627055131424913
143,Rodrigo,Ianitti,90626 1st Place,rianitti3y@topsy.com,733-962-8159,mastercard,5010126304557846
144,Zena,Boken,2544 Parkside Trail,zboken3z@wix.com,434-417-8931,jcb,3581501748294301
145,Denys,Laden,33843 Hoepker Plaza,dladen40@uol.com.br,871-516-0988,diners-club-carte-blanche,30419289222230
146,Jemmie,MacAlester,0524 Everett Park,jmacalester41@zimbio.com,285-914-7497,instapayment,6391805432826671
147,Dorise,Pashley,4812 Prairieview Avenue,dpashley42@thetimes.co.uk,767-706-3985,jcb,3582558793892065
148,Irvine,O'Gready,01 Hooker Court,iogready43@uol.com.br,162-491-3516,jcb,3536071805782206
149,Padgett,Delacote,43 Vermont Place,pdelacote44@dailymail.co.uk,166-446-9114,solo,676705047078646862
150,Natty,Cannan,1675 Dovetail Terrace,ncannan45@ameblo.jp,745-964-4203,switch,6331102448444735071
151,Staffard,Caudelier,8 Gale Pass,scaudelier46@163.com,735-442-0965,mastercard,5510405989158731
152,Tandie,Mockford,9494 Westerfield Avenue,tmockford47@bing.com,948-907-1055,jcb,3557483192265964
153,Andrus,Hiom,40 American Ash Hill,ahiom48@simplemachines.org,739-385-0926,jcb,3566902467326127
154,Elianora,Staddon,68 Sutteridge Crossing,estaddon49@stumbleupon.com,439-220-8977,instapayment,6376541642842799
155,Cairistiona,Moscone,651 Elmside Road,cmoscone4a@yolasite.com,180-623-4820,maestro,50202109698692019
156,Claire,Tregust,1676 Farmco Alley,ctregust4b@meetup.com,309-724-7905,visa,4041592518835128
157,Andrus,McCambrois,236 Hermina Hill,amccambrois4c@craigslist.org,139-766-9496,jcb,3542706697512458
158,Melly,Nobriga,658 Vera Pass,mnobriga4d@pagesperso-orange.fr,373-780-5579,jcb,3562613954961631
159,Loreen,Willshee,186 Cordelia Street,lwillshee4e@tinyurl.com,948-453-9897,diners-club-enroute,201616420163578
160,Talyah,Brognot,21 Michigan Alley,tbrognot4f@moonfruit.com,962-323-1347,bankcard,5602237911986692
161,Reeta,Olek,6898 Loftsgordon Park,rolek4g@rambler.ru,985-654-4701,jcb,3575453755339470
162,Tiphanie,Scatcher,293 David Trail,tscatcher4h@dagondesign.com,198-706-8688,china-unionpay,5602259008940332678
163,Sandor,Sangwin,66 Mosinee Avenue,ssangwin4i@seesaa.net,137-909-1993,jcb,3534806990309386
164,Leopold,Riccard,0661 Gerald Terrace,lriccard4j@umn.edu,578-968-5485,jcb,3545049798662667
165,Anneliese,Buttner,67634 Fuller Way,abuttner4k@youtu.be,975-316-2882,bankcard,5610213598101566
166,Thekla,Janton,27 Carey Avenue,tjanton4l@creativecommons.org,902-747-8946,jcb,3584288379312878
167,Farrell,Markos,709 Sage Plaza,fmarkos4m@usgs.gov,706-378-2260,visa-electron,4508686579504056
168,Carolee,Martinets,93765 Forster Parkway,cmartinets4n@boston.com,143-641-6530,jcb,3552964027891566
169,Petrina,Rolston,189 Annamark Pass,prolston4o@chronoengine.com,690-470-9245,jcb,3569810282817476
170,Corina,Sidney,615 Mallard Park,csidney4p@oaic.gov.au,409-319-5322,diners-club-carte-blanche,30147146016020
171,Harmon,Staniforth,1665 Packers Center,hstaniforth4q@virginia.edu,467-329-8737,bankcard,5602249548768534
172,Evelyn,Greet,50334 Bonner Way,egreet4r@liveinternet.ru,688-393-6294,jcb,3570825023390481
173,Gayelord,O'Towey,5992 Corben Junction,gotowey4s@jugem.jp,954-867-6045,jcb,3585439026670080
174,Horton,Tidswell,62 Rigney Junction,htidswell4t@t.co,124-933-6885,mastercard,5010123987956353
175,Germain,Chiechio,52 Dovetail Crossing,gchiechio4u@bloglines.com,236-793-3843,solo,6767066631633456661
176,Ollie,Critoph,1 Clarendon Avenue,ocritoph4v@forbes.com,852-106-5372,visa-electron,4913101698359159
177,Malissa,Danes,107 Drewry Pass,mdanes4w@washingtonpost.com,630-466-3960,maestro,0604586119254512
178,Annaliese,Breche,5 Dorton Lane,abreche4x@nih.gov,255-239-1908,solo,6767879875990885122
179,Camey,Molyneux,357 Eggendart Place,cmolyneux4y@barnesandnoble.com,321-883-4823,americanexpress,374288022298821
180,Cinda,Korneichik,0 Continental Terrace,ckorneichik4z@ed.gov,937-716-1365,jcb,3566237511215095
181,Euphemia,Cicconetti,84 Bay Circle,ecicconetti50@un.org,592-504-4910,maestro,676178437806106875
182,Clemmie,Press,63 Mccormick Junction,cpress51@parallels.com,611-667-3877,jcb,3575915930867377
183,Moyna,Buttfield,10 Rowland Street,mbuttfield52@cbsnews.com,955-728-1510,mastercard,5100148387022861
184,Kynthia,Mort,891 Mccormick Terrace,kmort53@comcast.net,722-182-2643,jcb,3572223706272150
185,Janina,Stroder,67970 Weeping Birch Hill,jstroder54@4shared.com,322-569-4522,bankcard,5602221314346365
186,Kyrstin,Grote,32 7th Way,kgrote55@vistaprint.com,617-798-1390,jcb,3559080980932751
187,Cirstoforo,Goodsall,72785 Kipling Road,cgoodsall56@acquirethisname.com,965-190-0406,jcb,3563305562382206
188,Gigi,Alesio,841 Reinke Hill,galesio57@prnewswire.com,472-942-6907,diners-club-carte-blanche,30064145943932
189,Mikol,Longridge,2 Sommers Center,mlongridge58@google.com.au,421-112-4424,americanexpress,370206374361132
190,Clementine,Junifer,073 Sheridan Terrace,cjunifer59@sohu.com,433-633-8745,diners-club-carte-blanche,30475574005102
191,Claus,Pothergill,4885 Grim Street,cpothergill5a@pcworld.com,166-453-4135,jcb,3550116438260681
192,Orlan,Wardhough,08773 Melrose Road,owardhough5b@usda.gov,814-618-5749,mastercard,5010125081948384
193,Kerby,Krysztofiak,0122 Jana Road,kkrysztofiak5c@timesonline.co.uk,690-549-1313,switch,5641827642689742092
194,Maxim,McKew,039 Continental Street,mmckew5d@umn.edu,360-177-5992,mastercard,5335938039967613
195,Ceil,Heavens,16417 Sloan Road,cheavens5e@canalblog.com,865-761-2593,jcb,3564015250666583
196,Billi,Will,63 Lake View Trail,bwill5f@purevolume.com,981-764-0258,jcb,3560793674265729
197,Collen,Micklem,3353 Killdeer Trail,cmicklem5g@zdnet.com,340-388-2596,jcb,3548095269089788
198,Cullen,Thrustle,2069 Mcguire Drive,cthrustle5h@reference.com,204-162-1852,maestro,5020314035634319511
199,Damita,Leet,086 Graedel Junction,dleet5i@narod.ru,815-737-2012,mastercard,5270837670652897
200,Arthur,Bellison,41 School Plaza,abellison5j@xrea.com,296-317-1685,bankcard,5602236742717037
201,Roxana,Pollicote,11 Ruskin Place,rpollicote5k@seesaa.net,367-829-8407,instapayment,6397909045765674
202,Orazio,Faltskog,5958 Kinsman Drive,ofaltskog5l@umn.edu,617-406-2629,jcb,3544729517721057
203,Ashley,Broster,5 Nevada Point,abroster5m@facebook.com,304-441-9521,jcb,3528534624334707
204,Lane,De Coursey,39 Steensland Junction,ldecoursey5n@pcworld.com,254-435-5179,jcb,3552406571318547
205,Grete,Hexham,8955 Blaine Crossing,ghexham5o@booking.com,558-291-7211,jcb,3546380058874745
206,Sidney,Bottom,51557 Hanson Park,sbottom5p@baidu.com,324-483-7000,jcb,3582478255543926
207,Grange,Scading,5783 Bashford Way,gscading5q@privacy.gov.au,577-700-1321,mastercard,5100147501613712
208,Christiano,Coper,20688 Melrose Road,ccoper5r@deviantart.com,904-480-5028,solo,676719974771955163
209,Arie,Van Leijs,9961 Oneill Parkway,avanleijs5s@wiley.com,685-112-3616,jcb,3581594773245587
210,Miquela,Duffitt,6 Maryland Avenue,mduffitt5t@dyndns.org,518-506-1826,jcb,3546951334367686
211,Derrick,Lindenfeld,22708 Badeau Center,dlindenfeld5u@google.cn,310-829-5298,jcb,3579961153751084
212,Kalie,Feuell,7355 La Follette Plaza,kfeuell5v@apache.org,384-315-3267,visa,4236786592642369
213,Velma,Fryd,9 Hauk Junction,vfryd5w@bandcamp.com,747-300-1417,switch,5641825658772383
214,Kissiah,Huntington,9778 Colorado Junction,khuntington5x@bravesites.com,612-301-3985,jcb,3582773418097657
215,Merna,Dummigan,03 Pearson Circle,mdummigan5y@miitbeian.gov.cn,649-594-7606,bankcard,5610509757940383
216,Quinta,Sparry,0 Marcy Lane,qsparry5z@istockphoto.com,961-575-6034,jcb,3586075212938615
217,Florencia,Jeandet,52748 Lakewood Gardens Trail,fjeandet60@amazon.co.uk,663-306-0942,visa-electron,4175006271149435
218,Giffer,Poynter,34771 Southridge Street,gpoynter61@cisco.com,526-120-9983,jcb,3536943437734336
219,Talyah,Tabart,38311 Service Trail,ttabart62@desdev.cn,141-749-6004,china-unionpay,560221087826993928
220,Marci,Emanueli,71684 Rigney Junction,memanueli63@amazon.co.uk,608-734-3875,jcb,3544813090217970
221,Rodrick,Kernoghan,39 Beilfuss Center,rkernoghan64@home.pl,973-369-8186,diners-club-enroute,201615929492132
222,Perceval,Gilhouley,9060 Chinook Hill,pgilhouley65@ustream.tv,416-515-8708,bankcard,5602229062846338
223,Marrilee,Beaulieu,28 Village Green Center,mbeaulieu66@washington.edu,742-546-1764,jcb,3540211787508351
224,Aldrich,Tommasuzzi,9 Marcy Place,atommasuzzi67@posterous.com,474-421-3368,visa-electron,4405281104457436
225,Hulda,Arnason,594 Hollow Ridge Pass,harnason68@linkedin.com,837-702-0415,diners-club-international,36004928747492
226,Isiahi,Gatling,14010 Hoard Street,igatling69@digg.com,551-637-5234,jcb,3558788868190067
227,Meyer,Frank,3321 Dorton Avenue,mfrank6a@weebly.com,217-586-7897,maestro,6759626556664378403
228,Tristan,Philliskirk,24235 Pond Lane,tphilliskirk6b@nytimes.com,357-193-8589,diners-club-enroute,201675813405947
229,Valenka,Kerley,4775 Quincy Crossing,vkerley6c@addthis.com,121-482-4552,maestro,67629308325987821
230,Donal,Edworthie,81 Dahle Drive,dedworthie6d@engadget.com,159-545-8134,jcb,3538916939683779
231,Kristoforo,Seligson,8738 Anderson Park,kseligson6e@canalblog.com,587-321-4491,americanexpress,345627969417363
232,Emeline,Webermann,7496 Debs Avenue,ewebermann6f@buzzfeed.com,883-250-4529,jcb,3538664531082962
233,Veronike,Niven,97840 Shoshone Junction,vniven6g@bizjournals.com,382-275-0740,mastercard,5548878581790588
234,Teresita,Witling,3 North Hill,twitling6h@shutterfly.com,426-691-5498,instapayment,6373523920786149
235,Arleta,Yakov,7851 Shasta Lane,ayakov6i@dailymotion.com,902-376-7684,china-unionpay,56022272622458710
236,Austin,Martonfi,7 Butternut Hill,amartonfi6j@tinyurl.com,677-251-0235,china-unionpay,5602257574269129
237,Lynnelle,Mielnik,3 Memorial Lane,lmielnik6k@cocolog-nifty.com,971-623-4291,switch,4905262936131558714
238,Cyril,Dominka,68220 Scofield Street,cdominka6l@networkadvertising.org,802-298-4037,visa-electron,4405055170137944
239,Janela,Goodluck,40 Ruskin Lane,jgoodluck6m@ed.gov,251-618-0658,visa-electron,4405599814915728
240,Anna-diana,Salvage,5 Moland Way,asalvage6n@youtube.com,422-157-4551,bankcard,5602233418514657
241,Gifford,MacCauley,6458 Roxbury Court,gmaccauley6o@apache.org,672-196-0973,jcb,3538328288802424
242,Amity,Lazar,86 Mockingbird Hill,alazar6p@wikia.com,900-236-2960,jcb,3533359576556476
243,Court,Gauld,41792 Cherokee Drive,cgauld6q@printfriendly.com,912-376-8920,maestro,503863604008899393
244,Hermione,Kilbane,5 Mcbride Center,hkilbane6r@pen.io,161-437-9527,americanexpress,375943357883543
245,Jabez,Ballefant,189 Di Loreto Terrace,jballefant6s@mapy.cz,446-795-9445,americanexpress,349189744760019
246,Berkie,Pavier,0653 Tomscot Lane,bpavier6t@cnbc.com,493-781-5681,jcb,3536640661057711
247,Max,Safe,8 Dunning Trail,msafe6u@columbia.edu,698-795-5958,mastercard,5007664927030259
248,Marcella,Tomblings,2654 Quincy Pass,mtomblings6v@is.gd,782-644-2229,jcb,3581475905983842
249,Wainwright,Newrick,6 Shasta Place,wnewrick6w@t-online.de,860-450-5513,jcb,3539970586115188
250,Kellsie,Deeprose,979 Sullivan Trail,kdeeprose6x@nbcnews.com,234-782-8372,jcb,3535097341394967
251,Bentley,Seiter,8 Emmet Center,bseiter6y@amazon.co.jp,757-266-3715,jcb,3586118693227171
252,Kellby,Wildish,8 Riverside Court,kwildish6z@phpbb.com,103-796-7548,maestro,67612125265539076
253,Tiertza,Dehm,503 Veith Lane,tdehm70@redcross.org,141-943-9497,jcb,3531875381846168
254,Meier,Grafton-Herbert,9246 Red Cloud Way,mgraftonherbert71@globo.com,622-294-4690,jcb,3550541575227393
255,Heddie,Samsonsen,00413 Mifflin Plaza,hsamsonsen72@hud.gov,600-200-5645,jcb,3583499374903808
256,Gerrie,Ison,5355 Cascade Trail,gison73@networksolutions.com,443-597-8111,jcb,3540381627393049
257,Suzette,Banat,56771 Nova Street,sbanat74@unc.edu,354-110-1752,americanexpress,374622383921086
258,Courtnay,Robens,17 Heath Alley,crobens75@google.com.br,618-627-1510,maestro,5893815582538732
259,Cinda,McSharry,4324 Forest Run Point,cmcsharry76@rakuten.co.jp,266-639-0090,maestro,501812579504884808
260,Sarah,O'Farris,47 Spenser Way,sofarris77@icq.com,366-656-1300,switch,5641820038421372883
261,Kerrill,Bazelle,4 Kinsman Park,kbazelle78@smugmug.com,955-478-1762,switch,6331100885665815
262,Dorothea,Cottesford,5 Tony Road,dcottesford79@rediff.com,605-690-0178,jcb,3533856519094457
263,Lian,Mation,5129 Delaware Drive,lmation7a@salon.com,482-147-1538,jcb,3548303676750988
264,Nicki,Janikowski,6 Mallard Pass,njanikowski7b@home.pl,764-923-3769,mastercard,5007660425651026
265,Madge,Grinikhinov,7 Onsgard Drive,mgrinikhinov7c@constantcontact.com,913-888-6076,jcb,3553151607607971
266,Annadiana,Sheere,0 Paget Parkway,asheere7d@google.ru,809-757-5216,jcb,3548008726047547
267,Mariana,Boar,8 Shasta Point,mboar7e@google.es,382-765-7776,jcb,3562170803400634
268,Jessalyn,Arpe,23 Muir Place,jarpe7f@prlog.org,641-996-2525,jcb,3532608724690327
269,Francisca,Leake,1 Arrowood Center,fleake7g@creativecommons.org,504-390-2994,diners-club-us-ca,5535777038807604
270,Fawn,Regus,5053 Bobwhite Road,fregus7h@unc.edu,435-707-2340,jcb,3536126647229293
271,Terry,Rolstone,0796 Amoth Road,trolstone7i@loc.gov,464-118-8428,diners-club-carte-blanche,30188601734020
272,Carlin,Yarrell,0 Dwight Trail,cyarrell7j@delicious.com,849-969-9706,jcb,3577061225872851
273,Thekla,Fike,7 Raven Plaza,tfike7k@hubpages.com,944-978-3471,china-unionpay,56022314876576159
274,Ogdon,Stockoe,9 Crest Line Center,ostockoe7l@photobucket.com,453-244-9742,switch,490308252813656781
275,Shalom,Milley,0431 American Point,smilley7m@istockphoto.com,180-569-9084,bankcard,5602238839864573
276,Corey,Advani,4850 Laurel Park,cadvani7n@delicious.com,288-543-6137,china-unionpay,5602218128868477
277,Ivie,Dunster,899 Dunning Trail,idunster7o@sohu.com,379-554-5674,visa-electron,4026828611848512
278,Janessa,Oldale,149 Charing Cross Plaza,joldale7p@nymag.com,841-799-7092,jcb,3589058013361184
279,Corbett,Lamerton,8080 Mcguire Lane,clamerton7q@joomla.org,120-205-5971,jcb,3582648643525385
280,Shell,Coyte,293 Sugar Terrace,scoyte7r@nsw.gov.au,999-981-0981,visa-electron,4844718075512375
281,Eliza,Kolakowski,00 Hanson Drive,ekolakowski7s@skype.com,153-816-1422,china-unionpay,56022280576743136
282,Grange,Gewer,8383 8th Drive,ggewer7t@bigcartel.com,540-308-9258,jcb,3585751730193435
283,Herschel,Saunt,9 Hauk Place,hsaunt7u@themeforest.net,901-690-7754,bankcard,5602220971825646
284,Bertine,Askwith,92 6th Lane,baskwith7v@businesswire.com,786-409-4392,laser,6709965994945868
285,Pace,Allder,987 Karstens Circle,pallder7w@google.pl,482-319-9395,jcb,3585289166409710
286,Aristotle,Gillanders,47748 Shelley Place,agillanders7x@mail.ru,531-415-6655,visa-electron,4508496888798260
287,Amabel,Langcastle,705 Hallows Circle,alangcastle7y@wix.com,490-834-7914,mastercard,5252603970034893
288,Tibold,Cockrell,092 Manufacturers Center,tcockrell7z@studiopress.com,240-561-3478,jcb,3576622743531104
289,Blake,Ahrens,268 Caliangt Center,bahrens80@xrea.com,327-796-1591,jcb,3537504270648352
290,Dinah,Bovaird,880 Roth Drive,dbovaird81@domainmarket.com,525-604-1299,maestro,0604768073626149007
291,Rebecka,Creevy,735 Packers Pass,rcreevy82@spiegel.de,322-813-0071,jcb,3551484981607651
292,Putnem,Matterface,98 La Follette Center,pmatterface83@pbs.org,839-840-6915,mastercard,5390060090255267
293,Corella,Pfertner,8533 Bunker Hill Junction,cpfertner84@domainmarket.com,733-235-9985,mastercard,5002352852912635
294,Gunther,Point,355 5th Way,gpoint85@kickstarter.com,219-244-3655,jcb,3543037802669754
295,Jorie,Miskimmon,064 Almo Court,jmiskimmon86@liveinternet.ru,504-657-9127,jcb,3538280199165369
296,Gail,Cavendish,83 Melby Place,gcavendish87@booking.com,274-777-1055,maestro,5893001593877563
297,Dorry,Scarbarrow,90350 Algoma Park,dscarbarrow88@nasa.gov,191-754-5404,jcb,3537217170219451
298,Barb,Simonnot,009 Eliot Trail,bsimonnot89@army.mil,880-768-3823,jcb,3576258785673247
299,Lizzy,Guiel,5829 Burning Wood Way,lguiel8a@newsvine.com,983-369-5063,visa-electron,4175001394422785
300,Sunshine,Renak,489 David Parkway,srenak8b@salon.com,801-135-2676,jcb,3543189373441400
301,Anallese,Giacomi,9 Calypso Road,agiacomi8c@vimeo.com,963-212-6326,jcb,3578611911621837
302,Lief,Mallam,1 Miller Drive,lmallam8d@tmall.com,788-270-7805,china-unionpay,5602224692796674093
303,Junette,Mayze,03 Miller Avenue,jmayze8e@mail.ru,381-178-5764,visa-electron,4917987392223220
304,Giacobo,Strettle,09 Moose Point,gstrettle8f@issuu.com,643-443-5598,visa,4041598258747688
305,Jamie,Geertje,5847 Mandrake Crossing,jgeertje8g@usgs.gov,671-174-7675,jcb,3581653890315176
306,Ethyl,Sleaford,3121 John Wall Alley,esleaford8h@upenn.edu,337-847-7552,jcb,3548656116950298
307,Dwain,Heardman,4608 Marcy Plaza,dheardman8i@t.co,560-926-8976,diners-club-carte-blanche,30392654109045
308,Grazia,Hanaby,7796 Green Ridge Avenue,ghanaby8j@whitehouse.gov,920-653-0730,visa-electron,4175001303027162
309,Frank,Jakubovitch,78 Granby Court,fjakubovitch8k@phoca.cz,697-471-6190,visa-electron,4913503170578471
310,Olenolin,Gosnell,0 Vahlen Junction,ogosnell8l@joomla.org,411-911-6298,jcb,3557695430359008
311,Leslie,McCurdy,004 Luster Avenue,lmccurdy8m@facebook.com,242-825-0708,mastercard,5048379069787563
312,Ashla,Killeley,6 Goodland Alley,akilleley8n@sciencedaily.com,562-573-5260,maestro,58931706656503319
313,Lyn,Zanetello,79 7th Parkway,lzanetello8o@1und1.de,345-980-9231,diners-club-enroute,201560112420112
314,Ingmar,Klimsch,7 Anhalt Hill,iklimsch8p@washingtonpost.com,258-126-8023,jcb,3575359047600845
315,Rachael,Bamford,847 Tomscot Point,rbamford8q@yolasite.com,185-965-3362,diners-club-carte-blanche,30385366543782
316,Udell,Ayers,3 Spohn Circle,uayers8r@issuu.com,689-390-4255,jcb,3582379866750316
317,Rosemarie,Critcher,2 Marquette Street,rcritcher8s@bloomberg.com,173-899-4297,jcb,3532599384718336
318,Taite,Greenhowe,90 Amoth Junction,tgreenhowe8t@squarespace.com,851-510-8779,bankcard,5602253774845743
319,Gladi,Searson,66 Village Green Terrace,gsearson8u@lycos.com,389-646-3624,jcb,3545974485772729
320,Moe,Bickerstaffe,226 Ridgeway Plaza,mbickerstaffe8v@jimdo.com,318-785-7775,bankcard,5602238208937760
321,Morganica,Fladgate,78832 Spohn Drive,mfladgate8w@irs.gov,321-461-5633,jcb,3540190855453643
322,Benson,Johl,10218 Bayside Lane,bjohl8x@youtube.com,251-248-3107,jcb,3540778151759828
323,Natty,Dugmore,2152 Straubel Crossing,ndugmore8y@go.com,483-649-9125,jcb,3529808426403079
324,Camala,Huggons,52862 Kipling Way,chuggons8z@goo.gl,277-806-6195,jcb,3570593568250524
325,Jodie,Allibon,916 Stuart Trail,jallibon90@nsw.gov.au,314-686-3698,instapayment,6390400642570375
326,Euell,Breede,19809 Alpine Alley,ebreede91@hp.com,430-356-6213,maestro,5018230918320302
327,Bourke,Clewett,3 Katie Crossing,bclewett92@msn.com,349-422-6897,mastercard,5222637214196149
328,Padriac,Whitaker,91172 Tennessee Hill,pwhitaker93@adobe.com,510-898-3194,instapayment,6370680290043700
329,Filia,Epdell,0 Red Cloud Street,fepdell94@i2i.jp,303-840-7823,jcb,3540389808999260
330,Jeniece,Gapper,149 Arizona Plaza,jgapper95@facebook.com,584-276-1317,diners-club-enroute,201977389057122
331,Noel,Markie,0 Tony Drive,nmarkie96@sfgate.com,742-911-1702,visa,4041376806913387
332,Karina,Bugby,588 7th Court,kbugby97@privacy.gov.au,902-884-9226,jcb,3583320932657779
333,Chickie,Eyam,748 Armistice Plaza,ceyam98@pen.io,923-602-4634,switch,4936810699983733
334,Nancie,Killough,97 Sommers Street,nkillough99@dailymail.co.uk,171-247-1229,maestro,67620758554949521
335,Rae,Cozins,8412 Emmet Way,rcozins9a@163.com,594-504-9315,jcb,3543209453429859
336,Bank,Wewell,6548 Randy Junction,bwewell9b@example.com,992-851-7741,visa-electron,4917059603123340
337,Jedd,Baldwin,80 John Wall Terrace,jbaldwin9c@unesco.org,465-989-6944,jcb,3532679513778334
338,Elizabet,Nelius,040 Monterey Circle,enelius9d@engadget.com,173-489-8655,switch,4903636299102443
339,Barbabra,Frigout,6176 Hansons Pass,bfrigout9e@aol.com,342-692-1384,americanexpress,337941936020378
340,Glad,Stear,686 Coolidge Hill,gstear9f@scientificamerican.com,265-758-7407,switch,5641824343719866844
341,Ange,Livingston,55560 Superior Terrace,alivingston9g@blogtalkradio.com,717-864-2164,china-unionpay,56022195688449903
342,Gabey,Conkay,18 Daystar Crossing,gconkay9h@miitbeian.gov.cn,329-230-5332,jcb,3551241454136208
343,Bari,Henighan,168 Chinook Park,bhenighan9i@ovh.net,188-207-0933,jcb,3587983218509752
344,Laney,Hambers,6237 Fallview Way,lhambers9j@ftc.gov,413-967-3120,china-unionpay,5602250340804774
345,Maison,Greder,766 Atwood Park,mgreder9k@artisteer.com,263-868-6384,mastercard,5267994801729592
346,Flore,Mettricke,9 Killdeer Trail,fmettricke9l@cmu.edu,955-964-3344,jcb,3585228649258724
347,Joellen,Keuning,80687 Burrows Crossing,jkeuning9m@photobucket.com,644-484-9670,jcb,3587019501521772
348,Catherin,Locock,25074 Elgar Plaza,clocock9n@oracle.com,382-825-9928,jcb,3587348820037636
349,Dannie,Rappoport,5300 Forster Pass,drappoport9o@state.tx.us,586-610-8557,jcb,3564844186153881
350,Maxim,Halfhide,7 Golf View Center,mhalfhide9p@vimeo.com,599-368-4882,laser,677188529221859587
351,Wenona,Plewes,024 Schmedeman Way,wplewes9q@google.com.hk,222-518-1971,jcb,3566761481687207
352,Ninnetta,Folshom,6 Waywood Junction,nfolshom9r@amazon.co.uk,387-333-4131,diners-club-carte-blanche,30373349224621
353,Riane,Grinnikov,3 Bayside Drive,rgrinnikov9s@cnet.com,579-272-3739,maestro,6762942550136301
354,Fran,Margaret,293 Center Point,fmargaret9t@cisco.com,820-293-6428,jcb,3559538092535663
355,Angy,Davidovici,5 Anzinger Way,adavidovici9u@bravesites.com,565-874-0149,maestro,50209124637927494
356,Renelle,Seago,78 Daystar Terrace,rseago9v@reference.com,754-842-4584,maestro,060415121276202337
357,Amalita,Klimentov,04 Acker Road,aklimentov9w@yellowbook.com,269-116-1029,bankcard,5602213737217620
358,Feodor,Condit,61 Cambridge Drive,fcondit9x@ca.gov,272-995-7908,diners-club-carte-blanche,30356731267845
359,Jinny,Healeas,94 Stang Alley,jhealeas9y@51.la,972-102-8741,jcb,3573245149013866
360,Abey,Mattessen,43 Center Alley,amattessen9z@earthlink.net,936-115-1940,jcb,3585567353137339
361,Melody,Golsworthy,52758 Old Shore Pass,mgolsworthya0@statcounter.com,849-192-9016,visa-electron,4508616157216518
362,Loni,Devonside,58365 Randy Terrace,ldevonsidea1@ifeng.com,574-591-4095,visa-electron,4026885816370700
363,Blythe,Kingman,5 Ohio Alley,bkingmana2@ifeng.com,707-514-3128,jcb,3549531396370138
364,Giulio,Boxe,999 Fulton Plaza,gboxea3@boston.com,519-278-6335,diners-club-carte-blanche,30487470771364
365,Glenna,Duck,08 Paget Plaza,gducka4@edublogs.org,988-829-5547,mastercard,5243325556722608
366,Vick,Siney,54 Homewood Court,vsineya5@java.com,238-359-5935,diners-club-international,36417065250270
367,Dillon,Cannaway,6777 Ohio Park,dcannawaya6@livejournal.com,139-822-9451,jcb,3566824182479207
368,Vania,Jori,2 Magdeline Road,vjoria7@infoseek.co.jp,406-727-9187,visa,4041371801093152
369,Joeann,Cail,67633 American Place,jcaila8@unesco.org,980-432-8790,americanexpress,374283810530089
370,Marcella,Aggis,5431 Dexter Hill,maggisa9@usda.gov,156-146-4246,instapayment,6390235376087935
371,Rickard,Risely,2 Riverside Parkway,rriselyaa@smh.com.au,141-202-5279,americanexpress,374622107598483
372,Colas,Mewis,3 Sycamore Point,cmewisab@accuweather.com,624-846-3262,jcb,3544188856338819
373,Rosco,Awde,11224 Village Trail,rawdeac@macromedia.com,635-257-0913,jcb,3542875042362578
374,Rutledge,Knevett,8 Dakota Hill,rknevettad@gov.uk,733-312-4782,laser,6709641647990874706
375,Lay,Harrison,7 Golf View Court,lharrisonae@networksolutions.com,559-743-7316,visa,4041595198060
376,Corrianne,Farries,41 Kim Circle,cfarriesaf@lulu.com,194-416-7957,mastercard,5232272507900458
377,Killy,Parris,69 Browning Road,kparrisag@macromedia.com,893-726-9652,jcb,3556986809607718
378,Lucretia,Such,4 Alpine Plaza,lsuchah@unesco.org,563-677-8955,mastercard,5002351386897965
379,Kandy,Andersch,88 Pine View Terrace,kanderschai@clickbank.net,202-324-2676,diners-club-enroute,201424740101620
380,Kristel,Pittem,5150 Lotheville Junction,kpittemaj@slideshare.net,507-605-7530,jcb,3537658027006577
381,Blair,Cusiter,72 Crescent Oaks Hill,bcusiterak@blogspot.com,628-854-8226,americanexpress,374622973104960
382,Lesley,Rosindill,2 Mariners Cove Hill,lrosindillal@yahoo.com,137-986-6097,diners-club-international,36006310820597
383,Kial,Kleinpeltz,39288 Ridgeview Point,kkleinpeltzam@linkedin.com,722-253-0131,solo,633498428892236456
384,Xymenes,Quarry,83 Kings Junction,xquarryan@furl.net,128-204-3594,switch,4911194072500824551
385,Sebastian,Colville,4964 Eastwood Trail,scolvilleao@samsung.com,105-513-6010,bankcard,5602252060387139
386,Alvinia,Dymidowicz,89 Namekagon Terrace,adymidowiczap@noaa.gov,246-332-6237,diners-club-carte-blanche,30210687519149
387,Lana,Wildt,6 Nelson Alley,lwildtaq@myspace.com,535-469-5306,jcb,3579471945152864
388,Grace,Stanney,03147 Loeprich Avenue,gstanneyar@techcrunch.com,952-705-8901,mastercard,5595321795757194
389,Tate,Binns,44 Graedel Junction,tbinnsas@ucoz.com,873-212-0840,switch,633322321162842073
390,Rozanne,Tuddenham,1 Dovetail Parkway,rtuddenhamat@163.com,826-480-0363,jcb,3548025449879139
391,Bertie,Smaleman,5776 Northview Parkway,bsmalemanau@ehow.com,301-329-7686,mastercard,5208102275737792
392,Terrijo,Zealander,050 Shasta Circle,tzealanderav@census.gov,769-956-4933,solo,6767426424121389
393,Enrika,Gecks,83110 Transport Street,egecksaw@berkeley.edu,784-106-7042,jcb,3582796245961464
394,Tadeo,Clemetts,4687 Washington Center,tclemettsax@opera.com,727-219-6736,jcb,3582999038612241
395,Rosemary,Bengochea,7 Hanson Lane,rbengocheaay@indiatimes.com,632-346-5296,jcb,3563405199738596
396,Rana,Dudney,83283 Esch Center,rdudneyaz@independent.co.uk,644-977-8997,jcb,3555357905283534
397,Durant,Kermott,130 Dottie Avenue,dkermottb0@addtoany.com,133-529-8034,diners-club-carte-blanche,30138881751566
398,Anica,Champain,28 Barby Drive,achampainb1@zimbio.com,749-692-6549,americanexpress,374622971676829
399,Kamilah,Cuardall,99 Red Cloud Alley,kcuardallb2@timesonline.co.uk,335-403-8411,visa,4017876621150768
400,Leonelle,Rawle,46520 Prairie Rose Park,lrawleb3@hugedomains.com,823-445-9396,jcb,3534560103962868
401,Laurena,Clipson,4361 Pierstorff Terrace,lclipsonb4@imageshack.us,395-278-8779,jcb,3565798635431547
402,Genvieve,Hanretty,3 Toban Trail,ghanrettyb5@tuttocitta.it,774-900-3268,visa,4041592946537056
403,Jaime,Kinningley,5777 Brickson Park Place,jkinningleyb6@cnn.com,824-735-2857,china-unionpay,56022498437954474
404,Stefanie,Asey,6147 Holmberg Center,saseyb7@mysql.com,669-360-3314,bankcard,5602242244776984
405,Penn,Delooze,6 Nobel Hill,pdeloozeb8@cisco.com,485-231-7036,jcb,3530735688165368
406,Chariot,Potkin,258 Dorton Park,cpotkinb9@mlb.com,570-547-8940,visa,4041373427210
407,Bianca,Culcheth,33 Erie Plaza,bculchethba@hao123.com,212-770-2761,jcb,3550664647596015
408,Lani,Lavalle,09 Shopko Place,llavallebb@istockphoto.com,519-253-9236,jcb,3552793798674699
409,Rubina,Stithe,609 Westport Lane,rstithebc@slate.com,850-562-5167,jcb,3559221675393236
410,Montgomery,Peartree,32 Prentice Center,mpeartreebd@example.com,251-297-3649,jcb,3578604508200933
411,Vlad,MacCurtain,6639 Buhler Road,vmaccurtainbe@apple.com,226-434-0415,maestro,5020210539595132
412,Kaye,Saturley,1 Starling Plaza,ksaturleybf@facebook.com,246-103-9532,switch,5641829832767800007
413,Pen,Housden,8656 Dapin Terrace,phousdenbg@wikimedia.org,894-210-0779,laser,670914677893262311
414,Dallas,Kunat,93 Cherokee Way,dkunatbh@nsw.gov.au,472-508-2069,bankcard,5610399076431094
415,Esme,Guitte,0 8th Circle,eguittebi@cpanel.net,129-579-7766,solo,633494927582234105
416,Joceline,Belz,72 Service Terrace,jbelzbj@mashable.com,931-822-6218,jcb,3563426802154898
417,Ida,Maltby,6573 Bonner Plaza,imaltbybk@sitemeter.com,317-321-1737,jcb,3536274050918422
418,Graeme,Stannus,8768 Hanover Place,gstannusbl@php.net,302-802-0794,diners-club-enroute,201963947792103
419,Regan,Malenfant,69 Messerschmidt Point,rmalenfantbm@clickbank.net,696-122-2187,jcb,3541786245290964
420,Merv,Martelet,71 Mitchell Way,mmarteletbn@ehow.com,563-127-3068,jcb,3557037118013534
421,Sinclair,Burke,2937 Bellgrove Hill,sburkebo@about.com,589-467-3787,visa,4041598886840061
422,Davida,Luquet,7291 Paget Parkway,dluquetbp@reuters.com,448-966-6406,jcb,3548570601141224
423,Francesca,McIlhagga,9 Moulton Junction,fmcilhaggabq@who.int,571-719-5198,maestro,67626119659728241
424,Nickie,Chern,98 Sachtjen Plaza,nchernbr@forbes.com,680-889-2187,americanexpress,372218806551691
425,Theodosia,Afield,030 Thierer Street,tafieldbs@comcast.net,304-513-8255,diners-club-carte-blanche,30365230897465
426,Gran,Roycroft,74811 Service Parkway,groycroftbt@weebly.com,715-269-6869,jcb,3568383732945405
427,Ardene,Mahony,02 Dayton Street,amahonybu@storify.com,130-176-1759,americanexpress,372301859886899
428,Bond,Heighton,24 Blue Bill Park Terrace,bheightonbv@privacy.gov.au,530-780-5508,laser,6709742221617123067
429,Neala,Loveland,47 Aberg Circle,nlovelandbw@hostgator.com,762-918-5155,solo,6767607127094300
430,Jonah,Berns,553 Manufacturers Way,jbernsbx@alexa.com,866-243-1150,maestro,6759734276468974070
431,Ainslee,Gaddas,8343 Merrick Drive,agaddasby@wix.com,450-494-1493,china-unionpay,5602247492252612
432,Rochette,Biermatowicz,01064 Dennis Place,rbiermatowiczbz@yahoo.com,330-638-6465,instapayment,6396793596308980
433,Camille,Exer,386 Maywood Parkway,cexerc0@redcross.org,698-150-4711,laser,6709345622364879572
434,Ericha,Glaister,66666 Dennis Parkway,eglaisterc1@stanford.edu,625-234-5157,laser,677165256325527178
435,Fulvia,Dawes,4061 Hintze Place,fdawesc2@mlb.com,900-291-5948,maestro,6304490804615592
436,Ermentrude,Kubik,0 Daystar Road,ekubikc3@naver.com,894-800-0896,jcb,3551772013834255
437,Jerrilyn,Daughtrey,34 South Crossing,jdaughtreyc4@thetimes.co.uk,634-594-7676,diners-club-enroute,201762528304589
438,Montague,Bogays,19714 Sutherland Pass,mbogaysc5@guardian.co.uk,518-395-3637,jcb,3560318698922616
439,Kore,Carlson,49 Hintze Place,kcarlsonc6@mozilla.com,361-356-9516,jcb,3569943058347038
440,Luciano,Brewers,2661 Manitowish Center,lbrewersc7@nytimes.com,470-689-3037,visa,4041372320986
441,Alick,Jedrychowski,5 Mendota Road,ajedrychowskic8@blogtalkradio.com,849-668-6474,instapayment,6385246490943496
442,Ximenez,Mc Harg,268 Troy Court,xmchargc9@so-net.ne.jp,767-930-0831,jcb,3567339902032151
443,Stella,Busher,48 Ridgeview Avenue,sbusherca@rakuten.co.jp,182-112-0208,china-unionpay,5602222826563554
444,Merridie,Wolseley,1 Declaration Trail,mwolseleycb@marriott.com,160-256-8302,diners-club-enroute,201684015974700
445,Herta,Brignall,3805 Green Lane,hbrignallcc@blogspot.com,890-577-5142,jcb,3538371180056152
446,Vivian,Norledge,163 Jay Court,vnorledgecd@ftc.gov,281-529-3135,mastercard,5100170216038843
447,Cindee,Franckton,86 Westend Way,cfrancktonce@guardian.co.uk,472-630-5310,instapayment,6387478172800953
448,Andriette,Darker,038 Gina Pass,adarkercf@reddit.com,658-382-6299,americanexpress,374288142621027
449,Jean,Sadgrove,26192 Schlimgen Avenue,jsadgrovecg@cloudflare.com,819-749-9886,china-unionpay,56107406930454619
450,Tony,Eisig,06 Quincy Court,teisigch@addtoany.com,116-651-7656,laser,677113239255737309
451,Annette,Giamitti,6 Annamark Place,agiamittici@yellowbook.com,249-587-3014,jcb,3576699291480439
452,Theresita,Hunnybun,22696 Utah Hill,thunnybuncj@about.com,933-364-1526,mastercard,5329258539990249
453,Janeva,Shillabeer,8 Jana Circle,jshillabeerck@nifty.com,893-381-5926,laser,6709770069106231239
454,Beulah,Cleeve,80 Morning Terrace,bcleevecl@sphinn.com,504-541-7128,jcb,3579116014739410
455,Ruprecht,Sponder,64 7th Parkway,rspondercm@cbc.ca,702-346-2944,jcb,3543335357239282
456,Marcellus,Nutty,1 Arapahoe Alley,mnuttycn@shutterfly.com,874-415-6130,americanexpress,337941598357167
457,Gennie,Benallack,2470 Monica Center,gbenallackco@livejournal.com,356-805-2865,jcb,3564975481775166
458,Carlota,Drinkall,08 Talmadge Center,cdrinkallcp@trellian.com,465-767-7730,jcb,3537247001815060
459,Jacob,Wyborn,19658 Spohn Plaza,jwyborncq@aol.com,274-870-1183,jcb,3563445990068942
460,Allyson,Gimblet,56 Carpenter Alley,agimbletcr@networksolutions.com,543-521-3398,diners-club-us-ca,5402710416813415
461,Flss,Bedboro,88 Westridge Road,fbedborocs@tiny.cc,778-272-5958,jcb,3540521667445791
462,Kendrick,Janes,7 Longview Court,kjanesct@google.de,813-296-1359,visa-electron,4917420195321199
463,Cesare,MacDermid,6174 Leroy Court,cmacdermidcu@mapquest.com,563-438-2686,jcb,3581770604433499
464,Michail,D'orsay,040 Cambridge Trail,mdorsaycv@si.edu,741-885-9926,diners-club-carte-blanche,30115019338862
465,Patin,Omond,190 Fulton Way,pomondcw@upenn.edu,330-645-6252,jcb,3571383757513299
466,Eamon,Troak,0 Corry Parkway,etroakcx@techcrunch.com,541-977-4726,china-unionpay,560224265493021630
467,Aldon,MacDermand,439 Milwaukee Road,amacdermandcy@163.com,130-669-9178,jcb,3541409585365979
468,Addison,Kenzie,8 Roxbury Alley,akenziecz@mtv.com,548-269-1963,visa,4017953610284
469,Pris,Woodhall,6462 Corben Alley,pwoodhalld0@netvibes.com,126-394-3452,maestro,501870737574293438
470,Christye,Yanez,504 Melvin Way,cyanezd1@youtu.be,887-653-7908,china-unionpay,5602253067635047989
471,Neda,Paull,4 Hudson Drive,npaulld2@fotki.com,240-166-7383,mastercard,5100172721709918
472,Deana,Woolforde,6014 Rieder Lane,dwoolforded3@usatoday.com,441-591-2630,jcb,3552975303940398
473,Chrysler,Slyne,6240 Declaration Alley,cslyned4@printfriendly.com,650-583-7906,jcb,3549202559056498
474,Brendan,Cromar,55 Sullivan Hill,bcromard5@csmonitor.com,707-493-1648,jcb,3578236499266126
475,Waneta,Edwicke,4 Lukken Plaza,wedwicked6@theguardian.com,655-959-8518,jcb,3563616288658160
476,Welch,Welbeck,09 Cardinal Alley,wwelbeckd7@istockphoto.com,314-762-7599,china-unionpay,5602216109575288953
477,Ingaberg,Scade,3 Garrison Drive,iscaded8@oracle.com,803-121-8378,maestro,67592212125776298
478,Buckie,Sandhill,6604 Killdeer Drive,bsandhilld9@bandcamp.com,253-207-3198,jcb,3557893210903471
479,Fawnia,Tiltman,70765 Reinke Avenue,ftiltmanda@privacy.gov.au,401-536-3674,jcb,3550707518132889
480,Ashlie,Gutridge,0 Toban Point,agutridgedb@un.org,659-560-3773,jcb,3584040877051387
481,Vivie,Josephy,290 Rigney Terrace,vjosephydc@myspace.com,491-412-1344,switch,4911106420207255
482,Rodrigo,Cridge,1323 Portage Hill,rcridgedd@youtu.be,934-650-7792,jcb,3562177352286405
483,Henrietta,Vanne,1542 Sutteridge Road,hvannede@scientificamerican.com,499-424-1639,diners-club-carte-blanche,30492666730612
484,Mariska,Snazle,788 Fulton Avenue,msnazledf@tinypic.com,147-580-5408,americanexpress,374622671628781
485,Chas,Dible,2 Sachtjen Lane,cdibledg@go.com,467-109-8220,jcb,3548040392151956
486,Ashton,Mellmer,95 Old Gate Junction,amellmerdh@ucla.edu,901-921-8169,laser,6304263327245894
487,Willyt,Peace,537 Bonner Trail,wpeacedi@yelp.com,239-377-6121,jcb,3574605345931782
488,Thorsten,Summers,92475 5th Street,tsummersdj@clickbank.net,280-438-8421,americanexpress,374622748246310
489,Aurora,Mityushkin,4 Hovde Alley,amityushkindk@cyberchimps.com,591-195-9908,jcb,3552690528523800
490,Alasdair,MacMaster,6 Rusk Way,amacmasterdl@quantcast.com,843-952-9968,maestro,0604426955502353
491,Romona,Stickler,943 Hooker Circle,rsticklerdm@barnesandnoble.com,971-798-8016,jcb,3551834448013408
492,Nilson,Drohane,818 5th Alley,ndrohanedn@cpanel.net,258-912-2136,jcb,3549559137321458
493,Rafa,Burrow,4 Northridge Hill,rburrowdo@ucoz.com,948-118-7634,diners-club-carte-blanche,30109714099986
494,Hinze,Vedyaev,701 Mallard Street,hvedyaevdp@edublogs.org,375-527-0101,jcb,3533251493858277
495,Bobbi,Blacktin,303 Northland Junction,bblacktindq@parallels.com,143-202-3671,jcb,3532075564366642
496,Anett,Rakestraw,2670 Bartelt Court,arakestrawdr@free.fr,152-816-6640,jcb,3542857550173290
497,Redd,Hackworth,615 Sauthoff Crossing,rhackworthds@flickr.com,680-298-9713,laser,67710034315892355
498,Odo,Cobb,5 Hudson Center,ocobbdt@cam.ac.uk,102-765-2339,diners-club-enroute,201670991226215
499,Gillie,McEntee,6 Superior Crossing,gmcenteedu@businessinsider.com,913-249-1590,diners-club-carte-blanche,30395134823168
500,Philomena,Nuss,42 Old Gate Drive,pnussdv@odnoklassniki.ru,328-622-3663,jcb,3561839819379609
501,Hirsch,Dickman,261 Heffernan Lane,hdickmandw@storify.com,704-970-8388,bankcard,5610076196592548
502,Corrie,Feltoe,791 Farmco Park,cfeltoedx@wsj.com,902-932-8984,visa,4041378952605031
503,Tobias,Biddlestone,1596 Moland Street,tbiddlestonedy@360.cn,736-422-6250,maestro,6763248590739081
504,Tessie,Boar,9 Grim Place,tboardz@opensource.org,730-949-5539,china-unionpay,560221159226460111
505,Bartlett,Bartosiak,26001 Ridge Oak Point,bbartosiake0@sogou.com,392-560-5365,jcb,3572153596417179
506,Roda,Caunt,97898 Forster Terrace,rcaunte1@yale.edu,231-145-3671,visa-electron,4175004032126024
507,Reinaldos,Tregenna,91 Meadow Valley Crossing,rtregennae2@yellowpages.com,868-238-5364,jcb,3576637891430073
508,Gavan,Bessett,54 Brown Point,gbessette3@paginegialle.it,428-295-5542,diners-club-enroute,201571261742818
509,Leonhard,Fishley,4 Upham Court,lfishleye4@cnn.com,948-395-2467,visa,4041593518566
510,Anestassia,Holstein,8 Fairview Terrace,aholsteine5@wikipedia.org,131-468-4959,jcb,3529447674588164
511,Britt,Adamoli,56 Elgar Center,badamolie6@ebay.com,621-343-7891,jcb,3564566937045997
512,Johnathon,Rowen,73 Buhler Road,jrowene7@princeton.edu,235-642-1647,instapayment,6380830578983428
513,Bernardine,Marshfield,30814 Kedzie Way,bmarshfielde8@ask.com,672-116-9061,jcb,3543495988352951
514,Bruno,Elsegood,74536 Westport Parkway,belsegoode9@bloglines.com,605-497-5527,solo,6767119144908215488
515,Jethro,Phizakarley,59682 Golden Leaf Pass,jphizakarleyea@chron.com,708-912-5320,diners-club-carte-blanche,30046628676246
516,Kasper,Labern,8 Butternut Drive,klaberneb@bluehost.com,993-870-0122,jcb,3578534218541724
517,Chloette,Gerrell,1633 Lakeland Plaza,cgerrellec@msn.com,589-575-6544,mastercard,5108759325661198
518,Marielle,MacLardie,54 Pankratz Avenue,mmaclardieed@e-recht24.de,695-857-1329,jcb,3562884908769780
519,Ward,Comettoi,3 Melvin Parkway,wcomettoiee@arizona.edu,814-633-6634,visa-electron,4026862272006862
520,Rafa,Adamini,0 Pearson Place,radaminief@youku.com,838-137-1510,jcb,3530789108348088
521,Abra,Woakes,3278 Almo Avenue,awoakeseg@dyndns.org,804-649-2875,visa-electron,4175008273647911
522,Russ,Scotchbrook,4 Algoma Way,rscotchbrookeh@who.int,192-838-3002,jcb,3582656449852457
523,Selena,Gonnelly,132 Bayside Circle,sgonnellyei@squarespace.com,493-377-4765,mastercard,5108754914364403
524,Agnes,Brewin,7226 Moland Court,abrewinej@delicious.com,675-840-1521,maestro,6762457299182201603
525,Shaun,Risso,22 Killdeer Avenue,srissoek@xinhuanet.com,679-794-7119,maestro,67599189255874304
526,Nerti,Sarsons,879 Sauthoff Junction,nsarsonsel@narod.ru,451-714-7765,mastercard,5185823042811134
527,Gabriel,Eaglestone,8 Dennis Lane,geaglestoneem@blogs.com,243-635-1322,diners-club-us-ca,5548907083898126
528,Harmonia,Luno,4 Evergreen Hill,hlunoen@google.ru,277-910-9244,mastercard,5100178743961866
529,Hedvig,Measham,09 Veith Circle,hmeashameo@accuweather.com,195-958-8387,diners-club-international,36313938013864
530,Hazel,Nussey,98 Schiller Alley,hnusseyep@hp.com,988-520-8436,diners-club-us-ca,5429593191466669
531,Karolina,Matheson,4 Oak Valley Court,kmathesoneq@salon.com,570-154-9747,jcb,3531435114711955
532,Paulette,Budden,62 Nevada Court,pbuddener@wikipedia.org,404-917-5795,bankcard,5602220262568533
533,Guntar,Newdick,4 Westport Crossing,gnewdickes@scientificamerican.com,630-626-2788,jcb,3586190735895596
534,Camey,Adney,9429 Brown Alley,cadneyet@amazonaws.com,818-103-0874,mastercard,5434360183119844
535,Cecilia,Du Pre,7549 Emmet Plaza,cdupreeu@newsvine.com,236-359-8974,jcb,3570355394287983
536,Ilaire,Marvel,088 Artisan Street,imarvelev@whitehouse.gov,687-284-0946,mastercard,5048379120517470
537,Adorne,Jeger,80355 Eggendart Junction,ajegerew@wikimedia.org,230-659-1350,bankcard,5602235136422915
538,Derrick,Brownlow,2514 Emmet Pass,dbrownlowex@blogs.com,341-569-9936,maestro,5020785522474254
539,Norrie,Rubinovici,88 Hoard Point,nrubinoviciey@discuz.net,530-559-4088,solo,676725444066622425
540,Benjie,Yukhin,40 Blue Bill Park Lane,byukhinez@vkontakte.ru,106-385-4963,jcb,3532463414748880
541,Lavena,Summons,864 Walton Way,lsummonsf0@rediff.com,673-867-7885,visa,4017952054902395
542,Robby,Plane,3086 Swallow Park,rplanef1@dailymotion.com,393-801-2444,mastercard,5221964492144786
543,Pauline,Swadden,44198 Moland Park,pswaddenf2@g.co,710-351-9478,maestro,676224739818967424
544,Wash,Cline,8246 Derek Avenue,wclinef3@vistaprint.com,205-261-1217,diners-club-enroute,201806571005195
545,Dell,Boobier,469 Oak Valley Lane,dboobierf4@people.com.cn,728-688-7700,solo,633482658385209960
546,Linnie,Matkovic,21357 Monica Junction,lmatkovicf5@latimes.com,104-383-1780,jcb,3585053049742162
547,Galvin,Feather,18597 1st Place,gfeatherf6@hatena.ne.jp,649-776-5985,solo,6767863675869352503
548,Darsey,Bechley,237 6th Crossing,dbechleyf7@wikimedia.org,328-138-8553,jcb,3589939782346250
549,Adorne,Laddle,117 Russell Terrace,aladdlef8@geocities.jp,641-277-0039,laser,6771038307394175
550,Hector,Vatini,8 Colorado Trail,hvatinif9@technorati.com,404-856-9741,mastercard,5010129924496288
551,Beniamino,Stanfield,80984 Johnson Street,bstanfieldfa@tamu.edu,299-235-4173,visa-electron,4405169273515482
552,Edouard,Mushett,18 Arapahoe Alley,emushettfb@bloglovin.com,145-122-3180,jcb,3528963653864104
553,Jenni,Arents,62 Clemons Terrace,jarentsfc@cnn.com,334-140-6644,jcb,3537801936619516
554,Bernette,MacKerley,026 David Hill,bmackerleyfd@prnewswire.com,590-684-7671,jcb,3558471961111039
555,Jessamyn,Smithen,47727 2nd Point,jsmithenfe@drupal.org,990-407-6799,americanexpress,337941273363704
556,Annalise,Siebart,30 North Street,asiebartff@pbs.org,541-425-0417,jcb,3580836511427865
557,Lorraine,Nears,8651 Pankratz Trail,lnearsfg@amazon.de,362-832-0335,visa,4017959493057
558,Dick,Baraja,43 Stone Corner Plaza,dbarajafh@reuters.com,964-549-1258,jcb,3571985597566889
559,Hildegaard,Buye,9008 Harper Lane,hbuyefi@devhub.com,427-295-9565,visa-electron,4844519479141526
560,Alonso,Dolan,2275 Fremont Trail,adolanfj@example.com,745-793-1863,jcb,3563519110547512
561,Shanan,Tuftin,5672 Eastlawn Alley,stuftinfk@soup.io,355-319-6056,jcb,3589772413252658
562,Ramsey,Whittam,43652 Pennsylvania Pass,rwhittamfl@yandex.ru,405-732-7393,jcb,3542629244744871
563,Gertrud,Treweke,0 Boyd Street,gtrewekefm@sourceforge.net,871-544-4736,visa-electron,4844337188279598
564,Roman,Fildery,349 Hovde Court,rfilderyfn@cnet.com,505-950-2247,visa-electron,4508185987885488
565,Chrystel,Fibbens,6 Wayridge Way,cfibbensfo@studiopress.com,324-121-8787,diners-club-enroute,201632430010337
566,Shay,Crowcroft,2 Ridgeway Alley,scrowcroftfp@wikimedia.org,663-714-2175,visa-electron,4026622795456576
567,Peggie,Pipping,33868 Granby Drive,ppippingfq@redcross.org,749-280-8016,jcb,3587055671061371
568,Roldan,Reidie,4822 Surrey Drive,rreidiefr@hibu.com,261-555-2687,laser,67065229287636688
569,Cherie,Rowlatt,04461 Memorial Crossing,crowlattfs@dyndns.org,150-508-3087,americanexpress,374283117079095
570,Shaun,Sea,1 Buell Court,sseaft@livejournal.com,924-642-0143,jcb,3551355129805599
571,Reade,Dunbleton,71780 Trailsway Pass,rdunbletonfu@typepad.com,894-454-5402,jcb,3530126960257158
572,Reggie,Rands,76 Sullivan Park,rrandsfv@wufoo.com,123-546-1559,china-unionpay,5610710414638739
573,Ragnar,Petrovykh,63045 Jenna Junction,rpetrovykhfw@bloglines.com,347-544-1642,jcb,3538538769442066
574,Orelia,Ridler,52151 Forest Dale Place,oridlerfx@guardian.co.uk,758-772-1838,visa-electron,4026153556753506
575,Faina,Jerrems,196 Mockingbird Point,fjerremsfy@e-recht24.de,326-320-1568,jcb,3564914545201828
576,Alic,Rankin,701 Golf View Road,arankinfz@yale.edu,170-887-0862,laser,670996582116842504
577,Jereme,Coffelt,67411 Susan Place,jcoffeltg0@nhs.uk,176-638-7763,jcb,3565987272413385
578,Tybi,Bartkiewicz,7 Bunting Place,tbartkiewiczg1@cpanel.net,992-406-9557,jcb,3586560346724601
579,Alessandro,Ridder,7 Nobel Center,aridderg2@typepad.com,212-515-9428,diners-club-enroute,201889180303425
580,Quinn,Wayvill,2948 Riverside Court,qwayvillg3@ted.com,748-817-5480,jcb,3533784960730587
581,Odessa,Deesly,081 6th Avenue,odeeslyg4@vimeo.com,572-231-5827,americanexpress,374622274234078
582,Brewster,Westrope,1723 Shelley Circle,bwestropeg5@nba.com,848-537-9213,jcb,3539202920441140
583,Martita,Hellin,1703 Larry Plaza,mhelling6@oracle.com,195-381-2710,jcb,3575398203533929
584,Viole,Finlay,7367 Glacier Hill Terrace,vfinlayg7@amazon.de,512-699-3118,instapayment,6387314912385395
585,Mozes,Childes,7 Vahlen Court,mchildesg8@guardian.co.uk,917-679-8998,maestro,67627199680098862
586,Pru,Philliskirk,459 Hayes Crossing,pphilliskirkg9@infoseek.co.jp,182-628-3976,jcb,3530087707407672
587,Noell,Dogg,7297 Grasskamp Parkway,ndoggga@bandcamp.com,160-550-8565,jcb,3545924870427769
588,Shawn,Leah,38 Warrior Park,sleahgb@rediff.com,717-606-7118,jcb,3570410385417915
589,Farris,Johns,4768 Rowland Point,fjohnsgc@youtube.com,571-981-3091,jcb,3534053709339962
590,Renelle,Minucci,603 Valley Edge Park,rminuccigd@nature.com,844-472-1639,instapayment,6386287668459948
591,Cam,Bordis,15 Corry Place,cbordisge@google.co.uk,643-783-5533,switch,4911013302088037410
592,Guenevere,Geraudel,50 Hooker Lane,ggeraudelgf@t.co,346-579-6029,jcb,3565227883023913
593,Mame,Feavearyear,9 Washington Hill,mfeavearyeargg@auda.org.au,402-821-9362,visa-electron,4508995310271432
594,Gerome,Ankers,484 Sage Circle,gankersgh@nyu.edu,251-524-7639,laser,67090586099589598
595,Sianna,Thal,59522 Scofield Crossing,sthalgi@arstechnica.com,635-135-9831,diners-club-international,36390772657022
596,Lionel,Pinhorn,48346 Sachs Terrace,lpinhorngj@mit.edu,623-877-0528,diners-club-enroute,201640734760192
597,Abbey,MacAlister,768 Petterle Crossing,amacalistergk@ftc.gov,542-414-5600,jcb,3539999364351004
598,Clemmie,Souten,6018 Buena Vista Point,csoutengl@furl.net,965-337-1407,jcb,3529237239912920
599,Maureen,Brind,3 Dexter Avenue,mbrindgm@state.gov,555-114-5089,jcb,3574558874291625
600,Corry,Albarez,01 Florence Trail,calbarezgn@reuters.com,331-557-8917,visa-electron,4405773994622061
601,Essa,Baldacchino,00 Linden Terrace,ebaldacchinogo@salon.com,597-891-4829,mastercard,5048377990731502
602,Frants,Eastcott,55 Bashford Street,feastcottgp@live.com,673-802-5546,visa-electron,4844204836654483
603,Burty,Scarlett,19262 Mcbride Parkway,bscarlettgq@dot.gov,514-299-7972,jcb,3540967877478850
604,Paton,Bridgestock,68 Old Shore Street,pbridgestockgr@sphinn.com,666-601-2007,jcb,3563772342547160
605,Glynda,Cure,35 Cordelia Avenue,gcuregs@google.it,186-317-7505,laser,670687829450853637
606,Yulma,Chansonnau,8382 Manufacturers Pass,ychansonnaugt@artisteer.com,479-256-5428,china-unionpay,5602231645242812221
607,Elnore,Casotti,9 Hudson Hill,ecasottigu@twitpic.com,107-215-7707,bankcard,5602225412138392
608,Lyn,Andriulis,96639 Algoma Center,landriulisgv@about.com,566-988-2694,jcb,3533448198670003
609,Jennie,Bendelow,8 Meadow Valley Terrace,jbendelowgw@typepad.com,724-730-3116,jcb,3553666541594902
610,Neala,Marcombe,4384 Orin Lane,nmarcombegx@weather.com,175-683-7606,jcb,3580032004067737
611,Chad,Broadbury,8 Onsgard Alley,cbroadburygy@msn.com,429-453-8748,jcb,3550031702573596
612,Britteny,Burston,72490 Charing Cross Point,bburstongz@nasa.gov,252-164-6169,visa,4041378591457
613,Denice,Pedreschi,64508 Boyd Point,dpedreschih0@altervista.org,523-279-9830,jcb,3539918058211993
614,Kalle,Hails,6 Summerview Place,khailsh1@oracle.com,665-935-8120,mastercard,5316321413951854
615,Hillel,Gadie,8 Del Sol Way,hgadieh2@jalbum.net,258-470-3439,jcb,3574925722104500
616,Nikolia,Beardmore,9 Roxbury Circle,nbeardmoreh3@timesonline.co.uk,904-825-7312,jcb,3569686230881149
617,Odella,Cowcha,366 Dorton Plaza,ocowchah4@who.int,589-211-3694,jcb,3534412516943913
618,Matty,Lerigo,36 Stephen Pass,mlerigoh5@goo.gl,702-973-7490,jcb,3575662836225348
619,Ignazio,Gilkes,9 Melody Way,igilkesh6@hc360.com,777-531-6262,jcb,3589467087554824
620,Jenni,Lyddiard,6708 Prairieview Way,jlyddiardh7@oaic.gov.au,224-361-9771,jcb,3587322220621976
621,Frasquito,Phillis,522 Summerview Junction,fphillish8@facebook.com,611-774-6744,jcb,3576905533983845
622,Irvine,Seleway,31499 Badeau Place,iselewayh9@arstechnica.com,792-819-7393,mastercard,5582117067714706
623,Brynne,Woolam,11402 Forest Run Court,bwoolamha@samsung.com,827-237-5718,jcb,3544324168480656
624,Tera,Domerc,3093 Dottie Drive,tdomerchb@google.com.br,874-902-0680,jcb,3542317675168592
625,Sergei,Laffoley-Lane,9386 Longview Place,slaffoleylanehc@seattletimes.com,339-629-5124,china-unionpay,5602237884427369
626,Alix,Ewell,09 Dottie Point,aewellhd@chronoengine.com,996-707-4441,jcb,3530179659432145
627,Lyda,Milton,48 Becker Center,lmiltonhe@live.com,620-462-7709,jcb,3555096849221776
628,Adria,Vokins,28 Canary Place,avokinshf@apple.com,343-783-4395,mastercard,5588740696621549
629,Giffy,Floch,9 Debra Street,gflochhg@house.gov,793-799-2495,jcb,3534299220170606
630,Abbe,Hechlin,167 Di Loreto Place,ahechlinhh@tinypic.com,935-680-5794,jcb,3552061722422662
631,Stanwood,Parlor,5 Sachs Drive,sparlorhi@163.com,881-428-3047,switch,4911227761640938104
632,Laureen,Irnys,67748 Golf Course Terrace,lirnyshj@simplemachines.org,830-670-2256,mastercard,5010128857254375
633,Donn,Lishman,2 Magdeline Court,dlishmanhk@ustream.tv,788-548-5881,mastercard,5234854461800275
634,Galen,Kelinge,0280 Toban Plaza,gkelingehl@typepad.com,620-990-7041,china-unionpay,5602247412197467
635,Roderick,Rosbotham,7 Judy Court,rrosbothamhm@amazon.co.uk,516-959-7962,jcb,3569754270959637
636,Vincent,Bayless,682 Heath Way,vbaylesshn@tripod.com,769-200-3688,bankcard,5602228334456009
637,Shelby,Denmead,6597 Caliangt Park,sdenmeadho@bravesites.com,950-694-6849,bankcard,5602249417325408
638,Griselda,Gibling,9 Coolidge Park,ggiblinghp@edublogs.org,621-745-9251,jcb,3532790190242708
639,Wallie,Blyth,292 Browning Parkway,wblythhq@nyu.edu,302-807-4308,visa-electron,4026874161148994
640,Anthiathia,Buckner,085 Porter Parkway,abucknerhr@senate.gov,807-502-1984,americanexpress,374288042716000
641,Marcile,Domerque,1419 Superior Crossing,mdomerquehs@sakura.ne.jp,182-319-0181,maestro,5893558716297772717
642,Cheryl,Solley,5254 Longview Circle,csolleyht@cocolog-nifty.com,658-597-0238,mastercard,5100173493632494
643,Jaquenetta,Farn,05 Evergreen Way,jfarnhu@chron.com,140-602-1663,mastercard,5048376831897209
644,Corabel,Cramer,6350 Sugar Terrace,ccramerhv@usnews.com,204-755-0877,jcb,3551263271817265
645,Thomas,Cancellieri,37 Moland Parkway,tcancellierihw@washingtonpost.com,542-333-0528,jcb,3582962418272820
646,Gae,Heighway,51 Moulton Trail,gheighwayhx@icq.com,152-854-0392,mastercard,5048374129325462
647,Eldridge,Doll,32 Dayton Park,edollhy@webmd.com,952-211-8067,jcb,3553294416406951
648,Marcia,Coolbear,90069 Kipling Park,mcoolbearhz@sbwire.com,963-865-8508,laser,630438413654066936
649,Ambrosi,Cleal,509 Oneill Trail,acleali0@stumbleupon.com,445-823-6498,china-unionpay,561024550575229734
650,Shaughn,Lesurf,9480 Talmadge Alley,slesurfi1@themeforest.net,765-557-1276,jcb,3537740260033045
651,Harman,Birdwhistle,563 Heath Road,hbirdwhistlei2@posterous.com,612-904-8958,visa-electron,4508888315995537
652,Maurits,Damerell,33039 Artisan Point,mdamerelli3@mapquest.com,234-851-2240,laser,6304421411591595
653,Quinn,Northover,50 Maple Plaza,qnorthoveri4@ed.gov,768-603-0639,diners-club-carte-blanche,30050897842984
654,Nickolaus,Kember,937 Corben Road,nkemberi5@wisc.edu,813-454-4460,jcb,3568626079275137
655,Pryce,Rapport,57 Dakota Point,prapporti6@reddit.com,331-217-0560,jcb,3544578431505959
656,Adelice,McDavid,9041 Reinke Pass,amcdavidi7@mozilla.org,510-571-6744,visa-electron,4026771413321033
657,Kristel,Purrier,94753 American Center,kpurrieri8@nymag.com,114-461-4727,maestro,67610030522276375
658,Gretal,McElrea,28402 Paget Hill,gmcelreai9@shareasale.com,302-590-8229,americanexpress,374283623340213
659,Robin,Jolliman,32498 Leroy Lane,rjollimania@homestead.com,142-780-3684,visa-electron,4917132255132784
660,Berton,Conre,2233 Helena Park,bconreib@blogtalkradio.com,494-333-7093,laser,67716830018722177
661,Trescha,Gerritzen,7276 4th Hill,tgerritzenic@tinypic.com,737-268-7687,laser,670674559751194598
662,Konstance,Dohr,9 Upham Alley,kdohrid@is.gd,226-477-8468,jcb,3544457242392685
663,Titus,Heymes,91 Kinsman Alley,theymesie@globo.com,308-941-9137,diners-club-us-ca,5590582336493798
664,Henryetta,de Najera,41 Lakeland Pass,hdenajeraif@utexas.edu,171-456-4240,jcb,3564077745614784
665,Alfreda,Grocott,0550 Hanson Parkway,agrocottig@go.com,533-368-5575,jcb,3539119974793103
666,Rubia,Laurentin,37414 Bayside Parkway,rlaurentinih@msu.edu,366-835-1830,solo,633425756482179670
667,Tilda,Ayree,15157 Dorton Way,tayreeii@webnode.com,999-911-0576,americanexpress,372301733598447
668,Perry,Summergill,17397 Nevada Pass,psummergillij@cocolog-nifty.com,561-914-9219,maestro,676395952483523751
669,Grethel,Mazin,218 Goodland Terrace,gmazinik@yahoo.com,167-175-0762,maestro,6759935907398367947
670,Ade,Cruwys,4821 Stoughton Drive,acruwysil@t.co,786-768-8364,visa-electron,4175001745596410
671,Bette,Topley,471 Green Road,btopleyim@wordpress.org,957-385-5059,jcb,3556831494270408
672,Travers,Yakubovics,8995 Sycamore Circle,tyakubovicsin@epa.gov,137-280-7266,visa-electron,4508536690823622
673,Marthena,Travis,78 Anthes Crossing,mtravisio@prnewswire.com,675-620-7701,bankcard,5602257041359693
674,Darwin,Iannini,97 Emmet Way,dianniniip@foxnews.com,820-995-4345,switch,4936660007725365032
675,Winn,Churms,6 North Road,wchurmsiq@a8.net,322-704-9594,americanexpress,374288910156768
676,Gussy,Sibbson,6 Buell Crossing,gsibbsonir@usda.gov,176-444-9235,jcb,3546815568384065
677,Thia,Seagrove,76123 Graedel Trail,tseagroveis@hp.com,112-357-6833,americanexpress,341714710167812
678,Annie,Sly,9908 Packers Center,aslyit@eepurl.com,361-175-7897,jcb,3585328817561378
679,Fidel,Cawson,5 Delladonna Pass,fcawsoniu@bigcartel.com,375-986-2457,jcb,3531663170742842
680,Rhodie,Siveyer,26 Westport Road,rsiveyeriv@wikimedia.org,549-201-3362,diners-club-international,36823257911456
681,Rosette,Himpson,528 Ridgeview Avenue,rhimpsoniw@paginegialle.it,961-884-7853,maestro,50209515462103095
682,Tibold,McClifferty,8320 Bluestem Hill,tmccliffertyix@php.net,645-504-1116,switch,490568409326207149
683,Dewey,Fitzroy,8 John Wall Lane,dfitzroyiy@goo.ne.jp,262-141-8855,bankcard,5602230993736424
684,Lind,Dinning,29 Hovde Plaza,ldinningiz@oracle.com,768-409-3888,diners-club-enroute,201835306739620
685,Rogers,Vakhonin,87 Corben Street,rvakhoninj0@ucoz.com,883-148-1238,instapayment,6386747248137512
686,Nikola,Akeherst,09 Lotheville Crossing,nakeherstj1@mozilla.com,825-826-8650,switch,490519662278361518
687,Dulce,Lamport,1789 Browning Street,dlamportj2@about.me,658-171-6633,visa-electron,4175006125952182
688,Blaire,Tolcher,36 Goodland Avenue,btolcherj3@umich.edu,286-665-5175,laser,63047829834932977
689,Thaddus,Sammars,87 Clarendon Street,tsammarsj4@multiply.com,833-527-5595,jcb,3528317845844443
690,Sarette,Ousbie,9 Blackbird Drive,sousbiej5@google.de,148-734-1406,visa-electron,4844234752456555
691,Isac,Thurlborn,24302 Kensington Court,ithurlbornj6@myspace.com,271-857-7706,diners-club-enroute,201679770956579
692,Avrit,Calcott,2952 Heffernan Plaza,acalcottj7@people.com.cn,539-171-3148,diners-club-enroute,201961580547826
693,Galven,Downing,60520 Valley Edge Parkway,gdowningj8@istockphoto.com,680-100-5435,jcb,3530690261452263
694,Brigitte,Bontine,4821 Lyons Road,bbontinej9@dropbox.com,492-270-1994,jcb,3528868393813669
695,Mia,Blas,350 Talmadge Lane,mblasja@theatlantic.com,609-820-2913,jcb,3572628044135648
696,Salomon,Iddison,2 Vera Pass,siddisonjb@angelfire.com,640-538-3373,jcb,3538281600935960
697,Nellie,Toe,70 Forest Court,ntoejc@tripadvisor.com,418-979-6048,jcb,3570225895709043
698,Brook,Arnald,71 Leroy Way,barnaldjd@sfgate.com,176-510-4950,switch,4911187940604510129
699,Miles,January 1st,106 Sunbrook Parkway,mjanuarystje@walmart.com,448-564-3401,maestro,6759317838907105817
700,Alberta,Spradbrow,203 Manley Plaza,aspradbrowjf@cbsnews.com,316-299-5796,visa,4347389481743798
701,Franciskus,Ponder,6 Summerview Center,fponderjg@ebay.co.uk,942-347-4486,jcb,3536560815287669
702,Johan,Britzius,0306 Morningstar Terrace,jbritziusjh@friendfeed.com,360-114-9194,switch,6331104010748595
703,Pauly,Matthew,3 Barnett Terrace,pmatthewji@sbwire.com,133-763-9457,jcb,3563073896712205
704,Brander,Pinniger,8194 Judy Point,bpinnigerjj@sphinn.com,274-310-7554,jcb,3545163730602242
705,Broddy,Kempson,967 Gulseth Terrace,bkempsonjk@123-reg.co.uk,783-248-2034,china-unionpay,5602214330070457
706,Iona,Trevains,48164 Mendota Trail,itrevainsjl@cmu.edu,239-229-0374,switch,4905650785210303
707,Northrup,Tooker,6544 Sauthoff Alley,ntookerjm@sphinn.com,397-537-2858,jcb,3537401689573265
708,Eunice,Corona,78048 Stang Lane,ecoronajn@fastcompany.com,918-700-1685,diners-club-carte-blanche,30189447080503
709,Ketti,Loghan,0 American Alley,kloghanjo@yahoo.com,802-212-2371,jcb,3558149435306761
710,Avis,Gregoretti,6852 Hanson Alley,agregorettijp@dyndns.org,903-700-6663,mastercard,5048376974513175
711,Agosto,Oxlade,96554 Straubel Road,aoxladejq@ovh.net,399-925-1384,diners-club-enroute,201620681729655
712,Kirsti,Barker,43730 Hudson Way,kbarkerjr@live.com,559-329-3911,laser,6771950261734759820
713,Alvina,Bellringer,40162 Debra Hill,abellringerjs@histats.com,956-317-5339,jcb,3560103389213727
714,Killie,Trevillion,32 La Follette Park,ktrevillionjt@unicef.org,262-330-5642,jcb,3565602259458234
715,Blanche,Lowson,62592 Manley Trail,blowsonju@kickstarter.com,816-742-2462,jcb,3531403886311958
716,Demott,Gaspero,605 Oneill Point,dgasperojv@businesswire.com,635-336-5349,jcb,3584417766055630
717,Cristiano,Grealey,82 High Crossing Plaza,cgrealeyjw@wunderground.com,970-288-6350,jcb,3546690684569067
718,Corey,Khristoforov,6 Westridge Center,ckhristoforovjx@liveinternet.ru,816-396-7534,jcb,3531398821404985
719,Drusy,Oggers,94885 Cherokee Drive,doggersjy@wikimedia.org,138-777-9320,jcb,3586679433881155
720,Giulia,Cundy,149 Muir Parkway,gcundyjz@joomla.org,847-529-4880,jcb,3582082269304075
721,Andriana,Jacox,55 Shelley Street,ajacoxk0@prweb.com,672-426-6907,jcb,3572348766848084
722,Wilmar,Hirtz,4191 Washington Trail,whirtzk1@businessinsider.com,886-757-7311,jcb,3555398715252889
723,Ardys,Cornwell,02945 Glendale Hill,acornwellk2@kickstarter.com,383-315-8927,jcb,3566357299781785
724,Ros,Springett,09714 Elmside Street,rspringettk3@flavors.me,873-666-5488,jcb,3589188966896116
725,Bertha,Slocum,5257 Oriole Junction,bslocumk4@histats.com,260-702-5224,mastercard,5179801427637900
726,Kareem,Newis,54156 Vahlen Plaza,knewisk5@virginia.edu,288-526-0627,jcb,3553373881374645
727,Trey,Calrow,9 Sundown Lane,tcalrowk6@freewebs.com,747-621-0530,jcb,3542345630259057
728,Pail,Redier,12 Fairfield Drive,predierk7@toplist.cz,861-267-2320,jcb,3533729176757403
729,Alysia,Strowan,25382 Vidon Trail,astrowank8@opensource.org,189-758-3667,mastercard,5263800607308834
730,Kalli,Chrismas,97 Main Court,kchrismask9@arizona.edu,151-558-0719,switch,491176889115230885
731,Jacques,Poulsom,9550 Evergreen Place,jpoulsomka@si.edu,114-468-0610,diners-club-enroute,201995490459789
732,Kaspar,Domenici,05298 Almo Drive,kdomenicikb@ucoz.ru,847-628-0277,americanexpress,374288660080762
733,Cherey,Connett,6 Carey Avenue,cconnettkc@blinklist.com,270-989-0084,visa,4241208816212443
734,Giselbert,Pellant,916 Forest Dale Drive,gpellantkd@house.gov,827-496-3957,diners-club-carte-blanche,30513790121855
735,Matthus,Leadbitter,81646 Reinke Street,mleadbitterke@wired.com,697-510-6513,visa,4041375091402
736,Philipa,McElmurray,45 Mallard Way,pmcelmurraykf@answers.com,217-382-4324,jcb,3543525465991853
737,Shanan,Ticksall,56 American Place,sticksallkg@sfgate.com,475-619-8001,jcb,3578507596604983
738,Alicia,O'Roan,2588 Blue Bill Park Circle,aoroankh@bing.com,321-589-9770,switch,4903580961790574
739,Moishe,Tacon,63 Jay Street,mtaconki@vinaora.com,572-641-3812,mastercard,5108754215959893
740,Eula,Lynthal,1 Arizona Street,elynthalkj@alibaba.com,400-547-9923,visa-electron,4917895662230355
741,Bruis,Adriano,8 Tennessee Alley,badrianokk@nationalgeographic.com,568-754-8706,maestro,63042318746731011
742,Aldon,Behrend,76 Paget Park,abehrendkl@ebay.co.uk,656-704-9806,diners-club-enroute,201984909588560
743,Cornell,Wandtke,4756 4th Place,cwandtkekm@yellowbook.com,343-242-1426,instapayment,6372390200780387
744,Wallache,Shah,5723 Redwing Pass,wshahkn@aboutads.info,202-446-6982,jcb,3532044307774934
745,Moria,De Atta,13 Menomonie Road,mdeattako@wiley.com,247-349-4022,americanexpress,374288157624049
746,Benny,Lound,5481 Magdeline Avenue,bloundkp@dmoz.org,758-892-9876,maestro,6304939598542347
747,Tracey,Guildford,65280 Fremont Court,tguildfordkq@homestead.com,447-555-8498,visa-electron,4508423074158190
748,Rhetta,Drable,0765 West Way,rdrablekr@cbsnews.com,115-768-8308,jcb,3534230835352842
749,Tremayne,Izkovicz,31 Gale Street,tizkoviczks@naver.com,435-247-8074,jcb,3553315160929482
750,Shae,Gwynne,0 2nd Alley,sgwynnekt@java.com,920-675-3874,mastercard,5503084489543186
751,Corenda,Shoreson,23371 Mosinee Drive,cshoresonku@surveymonkey.com,605-593-0873,jcb,3550936306223044
752,Jania,Lickorish,08324 Vidon Lane,jlickorishkv@cpanel.net,995-777-3370,laser,6706314295230378
753,Arlen,Gorelli,46917 Shopko Hill,agorellikw@oaic.gov.au,445-133-8038,visa,4959276438952
754,Devi,Hurdiss,43 American Ash Terrace,dhurdisskx@google.ca,341-867-3377,diners-club-enroute,201582535912095
755,Josy,Mortlock,226 Prairie Rose Hill,jmortlockky@wunderground.com,558-173-6674,visa-electron,4917636692144657
756,Kristan,Richardeau,1049 Dakota Center,krichardeaukz@hubpages.com,301-216-0626,diners-club-enroute,201764185462080
757,Caz,Barritt,75093 Jenna Junction,cbarrittl0@businessinsider.com,414-295-3048,jcb,3565967795317115
758,Ulysses,Cashmore,3394 Evergreen Crossing,ucashmorel1@cdbaby.com,241-748-6979,visa-electron,4175009040890396
759,Josie,Duchateau,96 Bluestem Alley,jduchateaul2@altervista.org,813-969-8663,bankcard,5602221700680096
760,Loy,Barrack,5340 Melody Place,lbarrackl3@earthlink.net,264-297-1971,jcb,3560847967488636
761,Elvin,Polhill,051 Ohio Plaza,epolhilll4@va.gov,477-192-8291,jcb,3589356140011304
762,Palm,Riggoll,7 Northland Avenue,priggolll5@taobao.com,348-451-2506,jcb,3556071954722685
763,Delaney,Chidzoy,82477 Washington Alley,dchidzoyl6@washingtonpost.com,192-405-6037,diners-club-us-ca,5573424508104328
764,Jana,Sisland,78 Sheridan Point,jsislandl7@amazon.co.jp,151-777-8885,jcb,3579212663609572
765,Darleen,Curnick,0 Onsgard Crossing,dcurnickl8@redcross.org,755-267-5065,diners-club-carte-blanche,30204829116724
766,Nero,Wolffers,8 Judy Lane,nwolffersl9@clickbank.net,757-841-7616,switch,4905810796857845
767,Wald,Hoopper,741 Sage Hill,whoopperla@auda.org.au,367-745-9386,jcb,3582307816659642
768,Allix,Wahncke,5 Prairieview Road,awahnckelb@bloglovin.com,338-969-9629,bankcard,5602220878267488
769,Sisely,Beveredge,19 Green Ridge Park,sbeveredgelc@phoca.cz,885-913-4793,china-unionpay,5602240186625631
770,Isabelita,Langstone,6221 Amoth Junction,ilangstoneld@engadget.com,300-778-9450,diners-club-enroute,201633293292376
771,Spenser,Keough,09 Roxbury Street,skeoughle@bloglovin.com,546-844-6586,diners-club-us-ca,5486229145294473
772,Gayle,Dorkens,45 Gina Center,gdorkenslf@intel.com,123-484-0532,jcb,3532396982324066
773,Ivor,Kelf,8 Ronald Regan Pass,ikelflg@uol.com.br,528-343-6862,jcb,3545314471390147
774,Pearle,Nathan,95 Westerfield Alley,pnathanlh@cargocollective.com,392-386-3792,maestro,06044887545300092
775,Anastasie,Caldaro,6 Golf Alley,acaldaroli@state.tx.us,724-403-4114,mastercard,5007662210634175
776,Crista,Matthewman,2428 Gateway Crossing,cmatthewmanlj@privacy.gov.au,744-310-3735,solo,6334669993081554094
777,Lowe,Maryman,1610 Lien Avenue,lmarymanlk@paginegialle.it,420-949-6346,jcb,3536136913156880
778,Tulley,Williment,864 Vermont Plaza,twillimentll@goo.gl,806-133-7940,bankcard,5610299802245521
779,Katherina,MacCleay,6 Superior Park,kmaccleaylm@mozilla.org,166-688-7437,jcb,3565195848762018
780,Odey,Benjafield,2810 Truax Crossing,obenjafieldln@time.com,823-264-4197,jcb,3572821151696086
781,Nester,Filkin,023 Victoria Crossing,nfilkinlo@businessinsider.com,810-499-7664,jcb,3553948517300799
782,Veronica,Izakovitz,564 Almo Alley,vizakovitzlp@blogger.com,632-856-4603,maestro,50387218318933807
783,Roxane,Keeri,34 Tennessee Street,rkeerilq@prnewswire.com,606-178-8818,diners-club-international,36298943672889
784,Kurt,Ferrarone,1096 Lakewood Center,kferraronelr@cbc.ca,608-884-9207,mastercard,5048372849352824
785,Kendal,McTeer,509 Ludington Place,kmcteerls@wikia.com,215-717-4157,jcb,3558657934376473
786,Chris,Morin,00 Kedzie Circle,cmorinlt@redcross.org,608-590-8487,jcb,3570807739997049
787,Harrietta,Bradwell,16380 Boyd Road,hbradwelllu@kickstarter.com,974-119-2323,bankcard,5602240241449530
788,Olav,Darington,1519 Summerview Street,odaringtonlv@about.com,117-504-2527,americanexpress,347915944981993
789,Dionisio,Fern,77 Spaight Lane,dfernlw@imageshack.us,241-562-7474,bankcard,5602225702081252
790,Israel,Moreland,94 Melby Plaza,imorelandlx@msu.edu,106-656-6562,visa-electron,4913791501151924
791,Hermine,Cavendish,2 Loeprich Crossing,hcavendishly@google.nl,150-250-0308,jcb,3557553612655752
792,Steve,Iannitti,606 Mifflin Place,siannittilz@bloomberg.com,174-642-3356,maestro,63040584361898060
793,Linn,Marchington,70 Canary Circle,lmarchingtonm0@gmpg.org,766-888-5596,jcb,3547941542752760
794,Garrot,Cocker,92371 Mariners Cove Crossing,gcockerm1@bloglovin.com,708-854-0870,laser,630434797027306951
795,Algernon,Ladley,850 Gulseth Center,aladleym2@biglobe.ne.jp,136-938-7884,americanexpress,371725841711180
796,Chris,Kasbye,96 Spenser Circle,ckasbyem3@blogs.com,397-230-6409,visa-electron,4913761814842956
797,Dorree,Saladino,7 Sommers Plaza,dsaladinom4@1688.com,927-695-6840,jcb,3541390274430128
798,Filippa,Coombe,987 Hanover Road,fcoombem5@kickstarter.com,186-558-0637,jcb,3539257207882523
799,Viviana,Duer,90 Mallard Road,vduerm6@ucla.edu,852-885-7489,maestro,67637723783457101
800,Selig,Ballance,41458 Morning Parkway,sballancem7@oakley.com,795-553-9840,jcb,3561328878665405
801,Corine,Beeton,7 Sutherland Plaza,cbeetonm8@amazon.com,114-567-5149,switch,4911872303395733626
802,Rianon,Critcher,023 Riverside Plaza,rcritcherm9@wiley.com,590-898-5115,jcb,3559132584258131
803,Danny,Raggles,875 Ridgeview Street,dragglesma@soup.io,807-714-7593,jcb,3541766309156632
804,Konstantine,De Blasio,158 Jenna Crossing,kdeblasiomb@timesonline.co.uk,609-724-3640,visa,4041374507858159
805,Normy,Carthy,58963 Anniversary Road,ncarthymc@msu.edu,156-412-5531,maestro,5038120583878799
806,Roana,Aldham,648 Main Court,raldhammd@hao123.com,833-730-7501,laser,630444213220750027
807,Hussein,Shackelton,12073 Shelley Crossing,hshackeltonme@nytimes.com,224-745-0934,diners-club-enroute,201983785934443
808,Ramsey,Humm,276 Ridgeview Park,rhummmf@typepad.com,542-722-4191,diners-club-us-ca,5520868233891035
809,Janeen,Dinnage,78888 Bunting Center,jdinnagemg@netscape.com,833-912-1066,laser,6771140171077355
810,Greta,Velti,15342 Anthes Crossing,gveltimh@soup.io,562-558-9161,diners-club-us-ca,5414293396622235
811,Channa,Gerholz,6 Sachtjen Circle,cgerholzmi@wunderground.com,591-315-4610,americanexpress,374622908985871
812,Andrei,Bawle,7569 Eastlawn Pass,abawlemj@hp.com,474-841-6429,maestro,6763358894423486902
813,Nani,Ivanyushin,253 Sutteridge Plaza,nivanyushinmk@twitpic.com,590-989-8794,jcb,3560192211679023
814,Fletcher,Genge,730 Westport Way,fgengeml@gmpg.org,311-714-7003,diners-club-enroute,201802579892130
815,Enoch,Abrahamovitz,34304 Forest Avenue,eabrahamovitzmm@uiuc.edu,549-338-6579,jcb,3538570793892917
816,Val,Kyte,76268 Knutson Place,vkytemn@google.de,813-908-9022,jcb,3534310631160019
817,Merv,Hallgalley,501 Northfield Center,mhallgalleymo@springer.com,365-880-1873,jcb,3575416976513819
818,Drew,Longlands,6 Express Drive,dlonglandsmp@mediafire.com,318-587-4941,mastercard,5100139637595343
819,Pam,Persitt,56566 Blackbird Place,ppersittmq@vimeo.com,582-454-7881,jcb,3579316610770971
820,Dani,Tregale,45742 Farwell Lane,dtregalemr@dailymotion.com,686-737-7126,mastercard,5100130213579082
821,Twyla,Ferenczi,97 Golf Way,tferenczims@usnews.com,353-743-0628,jcb,3544081199124527
822,Eugine,McCosker,17301 Dayton Drive,emccoskermt@squidoo.com,279-378-4309,maestro,5018989608861262030
823,Stevy,Tubridy,85 Twin Pines Court,stubridymu@apple.com,987-325-0949,bankcard,5602234428124297
824,Grata,Kinkead,31799 Dawn Parkway,gkinkeadmv@reddit.com,365-666-7781,jcb,3559086737888766
825,Murvyn,Merrigans,32674 Darwin Street,mmerrigansmw@wikispaces.com,959-793-1214,switch,5641829598276885512
826,Lawton,O'Connel,60 Kennedy Court,loconnelmx@geocities.jp,975-129-9256,laser,6304858012041019
827,Jenelle,Goodding,757 Jenifer Drive,jgooddingmy@va.gov,423-151-6055,mastercard,5479893910701167
828,Paton,Lauritsen,55 Towne Avenue,plauritsenmz@scientificamerican.com,988-365-9985,jcb,3552607505864247
829,Peder,Leverson,3 Chive Place,pleversonn0@last.fm,873-221-2353,jcb,3543642668027003
830,Duke,Rookwell,22 Sullivan Terrace,drookwelln1@geocities.jp,449-849-7901,diners-club-enroute,201747152922426
831,Gabbey,Inkle,312 Hayes Avenue,ginklen2@twitpic.com,262-682-4642,jcb,3545726014097741
832,Sheelah,Denisard,22376 Melody Road,sdenisardn3@nature.com,963-561-1237,diners-club-enroute,201619760162408
833,Lucien,Detoc,37560 Towne Avenue,ldetocn4@ibm.com,590-511-1992,diners-club-enroute,201574836103698
834,Caddric,Smidmore,06425 Monterey Crossing,csmidmoren5@pbs.org,631-700-3262,visa-electron,4405059712373215
835,Oralie,Terran,80449 Oak Hill,oterrann6@blog.com,484-972-8666,diners-club-carte-blanche,30299094521053
836,Barret,Hallifax,02 Welch Point,bhallifaxn7@virginia.edu,808-443-0800,maestro,5018281196426410
837,Paco,Iacovides,53818 Eliot Point,piacovidesn8@twitter.com,490-119-6835,jcb,3550956782635370
838,Valaria,Verriour,98546 Hoepker Pass,vverriourn9@umich.edu,406-519-3846,americanexpress,337941468749147
839,Baudoin,Kleis,73985 Thierer Way,bkleisna@ask.com,217-245-6435,jcb,3563370697970192
840,Gillan,Rivenzon,6703 Clarendon Avenue,grivenzonnb@huffingtonpost.com,609-894-5222,jcb,3575491887283521
841,Mabelle,Huddle,650 Bobwhite Parkway,mhuddlenc@github.io,309-427-4916,laser,630462974493239975
842,Minta,Seydlitz,10 Nelson Parkway,mseydlitznd@geocities.com,714-416-8186,diners-club-us-ca,5586725609657146
843,Bernetta,Matura,8595 Muir Road,bmaturane@meetup.com,124-331-0003,jcb,3550491829197382
844,Melanie,Attle,53 Commercial Street,mattlenf@bing.com,728-908-8842,mastercard,5510075912996471
845,Everard,Bruckman,89 Sheridan Circle,ebruckmanng@liveinternet.ru,725-508-6392,jcb,3580509687947822
846,King,Shackleford,50 Gerald Road,kshacklefordnh@canalblog.com,917-627-3397,solo,6334092762363589
847,Griffith,Mitchener,85 Daystar Circle,gmitchenerni@ihg.com,824-533-6521,visa,4017959774918106
848,Cecil,Gilligan,1 Warrior Alley,cgilligannj@wordpress.com,339-511-6776,instapayment,6391258891724021
849,Tan,Kernar,66971 Hollow Ridge Point,tkernarnk@hubpages.com,862-900-9738,jcb,3580704460983868
850,Agnese,Bachs,7 Veith Crossing,abachsnl@hexun.com,657-493-4022,diners-club-carte-blanche,30158841746316
851,Goldie,Sinncock,6 Continental Center,gsinncocknm@wordpress.com,886-147-9241,jcb,3553700317248110
852,Modesty,Abdee,15 4th Junction,mabdeenn@sogou.com,845-251-4216,maestro,5018092993844486128
853,Leonie,Gherardelli,16 Mendota Terrace,lgherardellino@spiegel.de,819-685-1269,visa,4041379998065
854,Kym,Greenway,5834 West Pass,kgreenwaynp@sfgate.com,418-250-5893,jcb,3541300074045505
855,Rhea,Lisett,66 Nevada Pass,rlisettnq@github.io,897-944-3011,jcb,3535449068700852
856,Haley,Bowgen,01 Loomis Alley,hbowgennr@arizona.edu,742-361-2550,diners-club-carte-blanche,30102717149254
857,Jephthah,Crosio,97 Glendale Drive,jcrosions@wikia.com,630-401-1187,americanexpress,374288979573218
858,Thayne,Hair,4 Everett Road,thairnt@imageshack.us,835-460-2932,china-unionpay,5602224077258302518
859,Trixie,Pregel,9 Warrior Crossing,tpregelnu@ebay.co.uk,480-613-5629,mastercard,5010120184393943
860,Olin,Parmeter,42820 Arizona Avenue,oparmeternv@hp.com,587-593-2624,solo,676726289166212224
861,Katrinka,Gulston,1 Village Plaza,kgulstonnw@purevolume.com,149-401-3914,jcb,3578964286135598
862,Zolly,D'Alesco,4808 Grim Terrace,zdalesconx@shutterfly.com,701-494-7218,maestro,0604382606739691120
863,Mindy,Inchan,35 Vidon Park,minchanny@nsw.gov.au,993-668-6141,diners-club-us-ca,5596083293910399
864,Tana,Shaddick,0 Vera Hill,tshaddicknz@sakura.ne.jp,768-735-0979,china-unionpay,5602237522230666667
865,Vanda,Keirl,04 Meadow Ridge Circle,vkeirlo0@yale.edu,613-779-0105,jcb,3559850377304032
866,Jemmie,Scarsbrooke,95 1st Way,jscarsbrookeo1@360.cn,523-410-2719,china-unionpay,5602234850971970300
867,Dulcine,Varnham,21 Dottie Point,dvarnhamo2@youku.com,942-115-0060,jcb,3545515322528947
868,Galvan,Keenor,81967 Summer Ridge Way,gkeenoro3@princeton.edu,684-981-3604,americanexpress,374283713839983
869,Ring,Bastide,853 Charing Cross Road,rbastideo4@si.edu,149-242-6711,mastercard,5007665427493186
870,Quill,Prescote,16 Corben Court,qprescoteo5@scientificamerican.com,941-797-3726,mastercard,5108758611019723
871,Elsie,Warbey,8 Sutherland Avenue,ewarbeyo6@soup.io,347-927-7394,diners-club-carte-blanche,30542001825855
872,Doralynne,McColgan,8 Maywood Lane,dmccolgano7@csmonitor.com,668-279-1856,jcb,3558186766600271
873,Jackquelin,Dudleston,76 Sommers Street,jdudlestono8@bloglovin.com,173-698-7825,jcb,3542872852224352
874,Riccardo,Lidgett,9680 American Alley,rlidgetto9@youku.com,360-336-5873,jcb,3583612843207839
875,Angil,Newlands,3 Walton Avenue,anewlandsoa@chron.com,462-721-4642,jcb,3568433499133248
876,Kristal,Greetham,67 Division Plaza,kgreethamob@com.com,958-631-4005,bankcard,5610843091820948
877,Sanderson,Caush,3222 Jackson Circle,scaushoc@marketwatch.com,861-949-0489,jcb,3531876182049846
878,Von,Chipp,39 Schlimgen Drive,vchippod@paginegialle.it,993-215-8259,maestro,675970441208207218
879,Amelie,Mycroft,83800 Del Mar Avenue,amycroftoe@networksolutions.com,419-213-5149,jcb,3550730359181849
880,Brigg,Dominicacci,881 Bluestem Trail,bdominicacciof@i2i.jp,598-107-9373,jcb,3528006146505916
881,Hildagarde,Boddis,717 Packers Hill,hboddisog@nbcnews.com,263-704-1667,jcb,3545696856840013
882,Dion,Knowller,04 Marcy Junction,dknowlleroh@google.de,332-442-5296,jcb,3567949170489113
883,Dane,Mordanti,084 Loftsgordon Trail,dmordantioi@wired.com,166-260-8978,jcb,3536161897878978
884,Louis,Jesper,90481 Gina Plaza,ljesperoj@nature.com,574-272-8016,solo,676773920828084971
885,Rosanna,Celli,81785 Express Plaza,rcelliok@flavors.me,659-757-7804,jcb,3582785240470092
886,Blinny,Beardsley,00916 Cordelia Parkway,bbeardsleyol@ask.com,268-303-2539,jcb,3550738184899980
887,Prinz,Lind,0406 Bluejay Road,plindom@msu.edu,963-170-1369,diners-club-enroute,201995318504444
888,Tremayne,Geere,762 Raven Way,tgeereon@archive.org,950-354-3812,americanexpress,374283454712811
889,Aggy,Cantua,468 Melvin Center,acantuaoo@state.tx.us,606-238-7580,jcb,3559509215701235
890,Luise,Harkes,26 Warbler Junction,lharkesop@webeden.co.uk,736-455-2272,mastercard,5275460124994537
891,Blake,Grigsby,8695 Scofield Road,bgrigsbyoq@discuz.net,870-411-2556,maestro,5018356313652039
892,Jefferson,Fellgatt,551 Green Pass,jfellgattor@cargocollective.com,795-571-1901,jcb,3563479156170184
893,Mackenzie,Arlidge,895 Charing Cross Court,marlidgeos@blogger.com,286-904-9512,diners-club-carte-blanche,30148365189241
894,Pierrette,Bayne,09 Roth Avenue,pbayneot@oaic.gov.au,482-892-0500,mastercard,5010129684772373
895,Eartha,Andriessen,82 Lakewood Gardens Avenue,eandriessenou@cnbc.com,493-651-5842,maestro,6759538241386480
896,Giulio,Swyre,6 Annamark Trail,gswyreov@businessweek.com,599-448-6196,diners-club-enroute,201935270147469
897,Adriana,Gyppes,324 Holy Cross Trail,agyppesow@phpbb.com,938-416-5203,jcb,3569325019978467
898,Toddy,Dixcee,175 Mayer Center,tdixceeox@state.tx.us,185-474-9951,mastercard,5100135644735286
899,Marney,Balmadier,88002 Del Sol Place,mbalmadieroy@angelfire.com,958-554-3815,jcb,3534812139418278
900,Arabelle,Tootin,49706 Thompson Trail,atootinoz@senate.gov,432-330-9400,china-unionpay,5602239235166480
901,Marja,Holsey,94038 Sycamore Road,mholseyp0@smh.com.au,934-522-7251,visa-electron,4508477195260855
902,Merwin,Hatherley,43271 4th Parkway,mhatherleyp1@va.gov,790-308-0580,jcb,3566781109232509
903,Feliza,Roeby,5825 Debs Point,froebyp2@4shared.com,525-318-3576,jcb,3540501057476804
904,Linette,Manktelow,24192 Corscot Street,lmanktelowp3@last.fm,635-775-1727,diners-club-enroute,201509909347863
905,Sullivan,Klimkov,3889 Maryland Parkway,sklimkovp4@dedecms.com,230-857-6644,diners-club-enroute,201722242219661
906,Rudyard,Gooda,44 Havey Court,rgoodap5@shareasale.com,502-389-1480,jcb,3570292027278685
907,Ottilie,Hatchette,5 Gateway Parkway,ohatchettep6@dell.com,389-706-8253,china-unionpay,56022253486399026
908,Kelli,Rablan,67668 Hagan Park,krablanp7@1688.com,625-928-6733,maestro,060460939595388543
909,Siward,Slate,97 Di Loreto Circle,sslatep8@unblog.fr,652-777-0894,maestro,5038354151565243449
910,Vaughan,Sked,9 2nd Point,vskedp9@bloglovin.com,761-277-6880,jcb,3567331602196683
911,Agretha,Terbeck,194 Jenna Hill,aterbeckpa@mac.com,292-648-8109,visa-electron,4026535186267123
912,Eloisa,Gooble,63706 Red Cloud Avenue,egooblepb@smugmug.com,219-984-0171,jcb,3540010462634379
913,Willy,Blacklawe,18792 Walton Junction,wblacklawepc@acquirethisname.com,820-611-2716,diners-club-us-ca,5543390351835747
914,Ron,Wragg,8 Blackbird Court,rwraggpd@skyrock.com,433-625-3535,jcb,3573667535382318
915,Cristobal,Boothroyd,0862 5th Alley,cboothroydpe@redcross.org,341-993-2282,maestro,67637274431911123
916,Cordy,Tabourier,26006 North Avenue,ctabourierpf@hexun.com,675-831-0845,diners-club-enroute,201544657841841
917,Ardys,Challenor,5 Dawn Park,achallenorpg@goo.gl,558-700-7580,jcb,3571209187835749
918,Bendicty,Spearett,9598 Bartelt Street,bspearettph@mozilla.org,580-111-0195,jcb,3547234163694408
919,Luca,Nutley,01166 American Ash Point,lnutleypi@51.la,663-805-2262,bankcard,5610789439665448
920,Noble,Sabate,721 Brown Hill,nsabatepj@usatoday.com,594-182-6284,mastercard,5560750329292735
921,Archie,Heinlein,6 Lake View Terrace,aheinleinpk@senate.gov,238-881-2622,bankcard,5602238966650142
922,Ericha,Winsor,12288 Declaration Hill,ewinsorpl@constantcontact.com,254-697-3639,diners-club-enroute,201562605055348
923,Steven,Oughtright,24 Caliangt Street,soughtrightpm@livejournal.com,526-511-8354,switch,633333955589661603
924,Minne,Blaksland,79558 Hansons Circle,mblakslandpn@va.gov,801-853-4527,mastercard,5007661792411416
925,Nico,Yesinov,51 Shelley Road,nyesinovpo@kickstarter.com,563-479-1562,jcb,3541056258329236
926,Rozalie,Yewdale,35394 Hermina Road,ryewdalepp@pbs.org,906-958-1504,jcb,3563877710410642
927,Romola,Ledgeway,1 Heath Terrace,rledgewaypq@tuttocitta.it,474-892-3515,instapayment,6374809948245534
928,Belvia,Lestor,47692 Mcbride Center,blestorpr@cdbaby.com,519-965-6300,jcb,3549105420365321
929,Robinetta,Cosslett,5586 Dottie Road,rcosslettps@mysql.com,144-248-7592,visa-electron,4405969975587402
930,Edythe,Maccrie,98 Monica Alley,emaccriept@harvard.edu,611-334-6370,maestro,676278135322410149
931,Levon,Thrift,7 Dovetail Place,lthriftpu@berkeley.edu,716-862-4594,jcb,3548925139295175
932,Bobby,Olliver,95103 Dunning Trail,bolliverpv@marriott.com,389-524-7191,mastercard,5274051585411367
933,Valentino,Meriott,49 Utah Lane,vmeriottpw@csmonitor.com,911-111-9235,jcb,3544455762014598
934,Graig,Monelli,836 Sachtjen Pass,gmonellipx@marketwatch.com,663-696-1769,diners-club-us-ca,5529141529032016
935,Opaline,Duckering,2 Kennedy Crossing,oduckeringpy@163.com,762-714-0379,bankcard,5602221754183625
936,Gusta,Son,16 Rusk Hill,gsonpz@reference.com,586-353-5849,maestro,501822239334197735
937,Son,Shirer,79 Basil Road,sshirerq0@mail.ru,895-561-6165,visa-electron,4844452891687852
938,Marion,Angrave,2 Walton Lane,mangraveq1@nba.com,821-776-4952,jcb,3558401793032558
939,Hagen,Gaspero,948 Hermina Plaza,hgasperoq2@ucla.edu,856-917-8780,diners-club-carte-blanche,30568274701259
940,Alexa,Digwood,089 Vermont Park,adigwoodq3@typepad.com,823-589-8505,americanexpress,337941965177826
941,Lucian,Bassam,6 Southridge Park,lbassamq4@nps.gov,611-217-3272,diners-club-carte-blanche,30551245069592
942,Burnard,Fellows,39 Menomonie Court,bfellowsq5@google.com.br,159-636-5546,jcb,3554749726626936
943,Jarrad,Dadley,86 Straubel Circle,jdadleyq6@imageshack.us,902-458-8100,diners-club-enroute,201743483803617
944,Lisbeth,Bonome,1 Petterle Terrace,lbonomeq7@4shared.com,523-903-2875,americanexpress,374288902768299
945,Kessiah,Klainman,1544 Golf Course Street,kklainmanq8@bigcartel.com,128-647-3123,americanexpress,372301890344544
946,Clarance,Gavaran,96213 Gulseth Pass,cgavaranq9@army.mil,640-875-5347,diners-club-carte-blanche,30382825324011
947,Rhianna,Hamstead,4 Debra Drive,rhamsteadqa@fastcompany.com,379-295-4949,diners-club-carte-blanche,30131351003303
948,Keefe,Krook,9 Huxley Lane,kkrookqb@over-blog.com,760-433-9122,mastercard,5048370293873063
949,Alica,Errey,221 Caliangt Circle,aerreyqc@ted.com,302-841-8495,americanexpress,374288693454042
950,Ulrich,Brundall,36376 Village Green Way,ubrundallqd@uiuc.edu,295-177-3316,switch,6759825064450533256
951,Genny,McCrae,86 Myrtle Place,gmccraeqe@xinhuanet.com,933-254-9415,jcb,3534049501869479
952,Tandy,Mugridge,9361 Erie Terrace,tmugridgeqf@businesswire.com,827-325-9691,jcb,3582197049564507
953,Nikkie,Tickel,904 Sutherland Center,ntickelqg@skyrock.com,820-366-4812,jcb,3528122196190507
954,Agnola,Attenbarrow,125 Bonner Hill,aattenbarrowqh@angelfire.com,858-543-0120,jcb,3539630464760154
955,Junette,Borchardt,06167 Oak Alley,jborchardtqi@mit.edu,626-913-9607,jcb,3540409344055813
956,Farlee,Belden,604 Hanson Junction,fbeldenqj@baidu.com,102-283-5826,jcb,3548263940898502
957,Quintana,Sharrard,14 Mccormick Hill,qsharrardqk@wix.com,937-156-0165,jcb,3584044906801556
958,Abel,Oliphard,09157 Ridgeview Point,aoliphardql@guardian.co.uk,467-766-3302,laser,67069527049284424
959,Willa,Tallis,18 Russell Parkway,wtallisqm@people.com.cn,468-373-9544,diners-club-enroute,201937770180008
960,Kial,Starcks,44291 Lawn Road,kstarcksqn@creativecommons.org,354-715-4441,switch,4936540121656595
961,Antonio,Corselles,81 Mcguire Circle,acorsellesqo@google.es,991-971-7330,mastercard,5333828225917344
962,Bernie,Isaacson,4289 Green Ridge Place,bisaacsonqp@google.com.br,192-809-6750,switch,4911295312677900349
963,Grete,Drayton,165 Russell Road,gdraytonqq@google.co.uk,745-390-6554,jcb,3533813224660528
964,Jocelin,Lorenzetti,40 Evergreen Parkway,jlorenzettiqr@weibo.com,166-105-9800,jcb,3536330046096366
965,Joceline,Roderick,1180 Crescent Oaks Crossing,jroderickqs@omniture.com,508-186-8046,switch,491128042151246261
966,Blanch,Fink,112 Southridge Park,bfinkqt@51.la,486-933-8765,americanexpress,372301945241810
967,Tedi,Corston,38 Stuart Court,tcorstonqu@twitpic.com,852-686-0006,visa-electron,4175008464703689
968,Sayre,Cardinal,37117 Cambridge Pass,scardinalqv@hubpages.com,107-289-9732,jcb,3543479370240685
969,Willy,Doore,96 Emmet Way,wdooreqw@sogou.com,674-633-4809,jcb,3535715873714548
970,Brandtr,Rosenstengel,40223 Paget Hill,brosenstengelqx@tinypic.com,387-112-2811,mastercard,5218624797732082
971,Paule,Peniman,94452 Comanche Lane,ppenimanqy@youtube.com,323-548-0683,china-unionpay,56022202760931517
972,Dedie,McGrill,8908 7th Center,dmcgrillqz@chicagotribune.com,368-216-2564,jcb,3564827782494031
973,Kellina,Goble,1 Atwood Pass,kgobler0@theatlantic.com,612-427-5738,switch,493687212828809184
974,Neron,Fowles,6 Washington Lane,nfowlesr1@bandcamp.com,662-221-7224,switch,5641822648957356
975,Sonni,Houten,51229 Golf Course Circle,shoutenr2@blogger.com,888-320-3322,visa,4017951784313
976,Amity,Joriot,93 Swallow Street,ajoriotr3@flavors.me,706-280-3939,americanexpress,374622171085680
977,Torre,Craigg,894 Stang Road,tcraiggr4@nyu.edu,303-975-6590,americanexpress,341337370759858
978,Joachim,Pruce,221 Jackson Road,jprucer5@clickbank.net,204-717-3003,maestro,589313842945738200
979,Maggie,Greenhill,536 Holy Cross Lane,mgreenhillr6@loc.gov,314-908-5128,mastercard,5196352384343123
980,Rubi,Hastie,2 Mayer Park,rhastier7@hc360.com,373-705-5978,laser,6706259993312210
981,Stormy,Fenty,996 Memorial Pass,sfentyr8@google.pl,588-891-3613,maestro,501810154634340378
982,Roxanne,Burnsall,6451 Prentice Lane,rburnsallr9@g.co,974-272-9977,jcb,3531866397839644
983,Claudelle,Edmed,12715 Oakridge Alley,cedmedra@arizona.edu,804-824-3611,jcb,3560422345549929
984,Dewitt,Skipsey,340 Lukken Park,dskipseyrb@instagram.com,772-906-5130,jcb,3561137020967423
985,Maggee,Earlam,0926 Charing Cross Junction,mearlamrc@wordpress.com,446-226-2374,jcb,3576561492375661
986,Maxwell,Kloisner,02 Harper Hill,mkloisnerrd@auda.org.au,196-962-7299,solo,6767083204479855997
987,Gianina,Foord,946 Dorton Court,gfoordre@dagondesign.com,402-958-0227,jcb,3528916747209165
988,Kienan,Fernandez,637 Summerview Court,kfernandezrf@weebly.com,384-482-0092,jcb,3562205910489698
989,Jeane,O'Cuddie,197 Debs Center,jocuddierg@accuweather.com,859-269-0343,jcb,3563556217586936
990,Chelsae,Keasley,93785 Crest Line Plaza,ckeasleyrh@sun.com,738-355-9218,jcb,3583153074373636
991,Linn,Monelle,3289 Mockingbird Hill,lmonelleri@noaa.gov,374-712-4426,jcb,3568022684625454
992,Dicky,Gatrill,710 Mallory Terrace,dgatrillrj@bigcartel.com,643-984-9339,jcb,3574456178483750
993,Maude,Gilvear,432 Moulton Way,mgilvearrk@msn.com,314-923-3110,switch,493695687437830053
994,Candra,Djurevic,605 Kingsford Street,cdjurevicrl@cornell.edu,107-996-9933,jcb,3532087744102029
995,Hugo,Brasse,61 Straubel Alley,hbrasserm@domainmarket.com,336-848-1446,jcb,3534748619700811
996,Barbee,Inchley,0 Dayton Way,binchleyrn@patch.com,890-324-5426,jcb,3531637540479772
997,Logan,Chaffin,2 Chive Circle,lchaffinro@home.pl,188-493-4702,china-unionpay,56103429485006976
998,Jacenta,Barsham,08986 West Street,jbarshamrp@discovery.com,922-219-5625,visa-electron,4917892153597889
999,Jerry,Message,8471 Blaine Drive,jmessagerq@businessweek.com,247-993-0748,switch,6331106653585663
1000,Carly,Broker,576 Sutherland Terrace,cbrokerrr@reverbnation.com,709-817-9655,maestro,67611443597232869
